record_type,timestamp_local,outcome,tmdb_title_key,display_title,fetch_summary_head,app_streaming_context,raw_title_context,notes
tmdb_quality,2026-05-23 18:21:33,SUCCESS,The Thinking Game,The Thinking Game,The Thinking Game,"app_name=""Prime Video"" app_id=""com.amazon.aiv.AIVApp"" streaming_service_label=""Prime Video"" streaming_service_badge=""App logos/AppLogo_PrimeVideo.png""","raw_title=""The Thinking Game"" raw_query=""The Thinking Game"" layer_series_title=""The Thinking Game""",
tmdb_quality,2026-05-23 18:25:25,SUCCESS,Chicken People,Chicken People,Chicken People,"app_name=""Prime Video"" app_id=""com.amazon.aiv.AIVApp"" streaming_service_label=""Prime Video"" streaming_service_badge=""App logos/AppLogo_PrimeVideo.png""","raw_title=""Chicken People"" raw_query=""Chicken People"" layer_series_title=""Chicken People""",
tmdb_quality,2026-05-23 18:33:07,SUCCESS,Freaks and Geeks,Freaks and Geeks,Freaks and Geeks,"app_name=""Prime Video"" app_id=""com.amazon.aiv.AIVApp"" streaming_service_label=""Prime Video"" streaming_service_badge=""App logos/AppLogo_PrimeVideo.png""","raw_title=""Freaks and Geeks"" raw_query=""Freaks and Geeks"" layer_series_title=""Freaks and Geeks""",
tmdb_quality,2026-05-23 18:37:52,SUCCESS,California Typewriter,California Typewriter,California Typewriter,"app_name=""Prime Video"" app_id=""com.amazon.aiv.AIVApp"" streaming_service_label=""Prime Video"" streaming_service_badge=""App logos/AppLogo_PrimeVideo.png""","raw_title=""California Typewriter"" raw_query=""California Typewriter"" layer_series_title=""California Typewriter""",
tmdb_quality,2026-06-17 19:55:22,SUCCESS,Casper,Casper,Casper,"app_name=""TV"" app_id=""com.apple.TVWatchList"" streaming_service_label=""Apple TV"" streaming_service_badge=""App logos/AppLogo_AppleTV.png""","raw_title=""Casper"" raw_query=""Casper"" layer_series_title=""Casper""",
tmdb_quality,2026-06-19 09:58:15,SUCCESS,Toy Story 4,Toy Story 4,Toy Story 4,"app_name=""Disney+"" app_id=""com.disney.disneyplus"" streaming_service_label=""Disney+"" streaming_service_badge=""App logos/AppLogo_DisneyPlus.png""","raw_title=""Toy Story 4"" raw_query=""Toy Story 4"" layer_series_title=""Toy Story 4""",
tmdb_quality,2026-06-29 00:25:19,SUCCESS,Doctor Sleep,Doctor Sleep,Doctor Sleep,"app_name=""TV"" app_id=""com.apple.TVWatchList"" streaming_service_label=""Apple TV"" streaming_service_badge=""App logos/AppLogo_AppleTV.png""","raw_title=""Doctor Sleep"" raw_query=""Doctor Sleep"" layer_series_title=""Doctor Sleep""",
tmdb_quality,2026-06-30 00:28:08,SUCCESS,The End of an Era,The End of an Era,The End of an Era,"app_name=""Disney+"" app_id=""com.disney.disneyplus"" streaming_service_label=""Disney+"" streaming_service_badge=""App logos/AppLogo_DisneyPlus.png""","raw_title=""The End of an Era"" raw_query=""The End of an Era"" layer_series_title=""The End of an Era""",
tmdb_quality,2026-06-30 00:47:54,SUCCESS,The End of an Era,The End of an Era,The End of an Era,"app_name=""Disney+"" app_id=""com.disney.disneyplus"" streaming_service_label=""Disney+"" streaming_service_badge=""App logos/AppLogo_DisneyPlus.png""","raw_title=""The End of an Era"" raw_query=""The End of an Era"" layer_series_title=""The End of an Era""",
tmdb_quality,2026-06-30 01:10:48,SUCCESS,The End of an Era,The End of an Era,The End of an Era,"app_name=""Disney+"" app_id=""com.disney.disneyplus"" streaming_service_label=""Disney+"" streaming_service_badge=""App logos/AppLogo_DisneyPlus.png""","raw_title=""The End of an Era"" raw_query=""The End of an Era"" layer_series_title=""The End of an Era""",
tmdb_quality,2026-06-30 01:32:52,SUCCESS,The End of an Era,The End of an Era,The End of an Era,"app_name=""Disney+"" app_id=""com.disney.disneyplus"" streaming_service_label=""Disney+"" streaming_service_badge=""App logos/AppLogo_DisneyPlus.png""","raw_title=""The End of an Era"" raw_query=""The End of an Era"" layer_series_title=""The End of an Era""",
tmdb_quality,2026-06-30 08:07:39,SUCCESS,The End of an Era,The End of an Era,The End of an Era,"app_name=""Disney+"" app_id=""com.disney.disneyplus"" streaming_service_label=""Disney+"" streaming_service_badge=""App logos/AppLogo_DisneyPlus.png""","raw_title=""The End of an Era"" raw_query=""The End of an Era"" layer_series_title=""The End of an Era""",
tmdb_quality,2026-07-01 15:16:25,SUCCESS,Greyhound,Greyhound,Greyhound,"app_name=""TV"" app_id=""com.apple.TVWatchList"" streaming_service_label=""Apple TV"" streaming_service_badge=""App logos/AppLogo_AppleTV.png""","raw_title=""Greyhound"" raw_query=""Greyhound"" layer_series_title=""Greyhound""",
tmdb_quality,2026-07-01 20:57:48,SUCCESS,Song Sung Blue,Song Sung Blue,Song Sung Blue,"app_name=""TV"" app_id=""com.apple.TVWatchList"" streaming_service_label=""Apple TV"" streaming_service_badge=""App logos/AppLogo_AppleTV.png""","raw_title=""Song Sung Blue (2025)"" raw_query=""Song Sung Blue (2025)"" layer_series_title=""Song Sung Blue (2025)""",
tmdb_quality,2026-07-03 03:04:50,SUCCESS,The End of an Era,The End of an Era,The End of an Era,"app_name=""Disney+"" app_id=""com.disney.disneyplus"" streaming_service_label=""Disney+"" streaming_service_badge=""App logos/AppLogo_DisneyPlus.png""","raw_title=""The End of an Era"" raw_query=""The End of an Era"" layer_series_title=""The End of an Era""",
tmdb_quality,2026-07-03 03:08:56,SUCCESS,The End of an Era,The End of an Era,The End of an Era,"app_name=""Disney+"" app_id=""com.disney.disneyplus"" streaming_service_label=""Disney+"" streaming_service_badge=""App logos/AppLogo_DisneyPlus.png""","raw_title=""The End of an Era"" raw_query=""The End of an Era"" layer_series_title=""The End of an Era""",
tmdb_quality,2026-07-03 03:09:27,SUCCESS,The End of an Era,The End of an Era,The End of an Era,"app_name=""Disney+"" app_id=""com.disney.disneyplus"" streaming_service_label=""Disney+"" streaming_service_badge=""App logos/AppLogo_DisneyPlus.png""","raw_title=""The End of an Era"" raw_query=""The End of an Era"" layer_series_title=""The End of an Era""",
tmdb_quality,2026-07-03 03:12:29,SUCCESS,The End of an Era,The End of an Era,The End of an Era,"app_name=""Disney+"" app_id=""com.disney.disneyplus"" streaming_service_label=""Disney+"" streaming_service_badge=""App logos/AppLogo_DisneyPlus.png""","raw_title=""The End of an Era"" raw_query=""The End of an Era"" layer_series_title=""The End of an Era""",
tmdb_quality,2026-07-03 03:20:00,SUCCESS,The End of an Era,The End of an Era,The End of an Era,"app_name=""Disney+"" app_id=""com.disney.disneyplus"" streaming_service_label=""Disney+"" streaming_service_badge=""App logos/AppLogo_DisneyPlus.png""","raw_title=""The End of an Era"" raw_query=""The End of an Era"" layer_series_title=""The End of an Era""",
tmdb_quality,2026-07-03 03:22:23,SUCCESS,The End of an Era,The End of an Era,The End of an Era,"app_name=""Disney+"" app_id=""com.disney.disneyplus"" streaming_service_label=""Disney+"" streaming_service_badge=""App logos/AppLogo_DisneyPlus.png""","raw_title=""The End of an Era"" raw_query=""The End of an Era"" layer_series_title=""The End of an Era""",
tmdb_quality,2026-07-03 03:31:15,SUCCESS,The End of an Era,The End of an Era,The End of an Era,"app_name=""Disney+"" app_id=""com.disney.disneyplus"" streaming_service_label=""Disney+"" streaming_service_badge=""App logos/AppLogo_DisneyPlus.png""","raw_title=""The End of an Era"" raw_query=""The End of an Era"" layer_series_title=""The End of an Era""",
tmdb_quality,2026-07-03 03:33:00,SUCCESS,The End of an Era,The End of an Era,The End of an Era,"app_name=""Disney+"" app_id=""com.disney.disneyplus"" streaming_service_label=""Disney+"" streaming_service_badge=""App logos/AppLogo_DisneyPlus.png""","raw_title=""The End of an Era"" raw_query=""The End of an Era"" layer_series_title=""The End of an Era""",
tmdb_quality,2026-07-03 03:39:23,SUCCESS,The End of an Era,The End of an Era,The End of an Era,"app_name=""Disney+"" app_id=""com.disney.disneyplus"" streaming_service_label=""Disney+"" streaming_service_badge=""App logos/AppLogo_DisneyPlus.png""","raw_title=""The End of an Era"" raw_query=""The End of an Era"" layer_series_title=""The End of an Era""",
tmdb_quality,2026-07-03 03:46:06,SUCCESS,The End of an Era,The End of an Era,The End of an Era,"app_name=""Disney+"" app_id=""com.disney.disneyplus"" streaming_service_label=""Disney+"" streaming_service_badge=""App logos/AppLogo_DisneyPlus.png""","raw_title=""The End of an Era"" raw_query=""The End of an Era"" layer_series_title=""The End of an Era""",
tmdb_quality,2026-07-03 03:52:30,SUCCESS,Taylor Swift _ The Eras Tour _ The Final Show,Taylor Swift | The Eras Tour | The Final Show,Taylor Swift _ The Eras Tour _ The Final Show,"app_name=""Disney+"" app_id=""com.disney.disneyplus"" streaming_service_label=""Disney+"" streaming_service_badge=""App logos/AppLogo_DisneyPlus.png""","raw_title=""Taylor Swift | The Eras Tour | The Final Show"" raw_query=""Taylor Swift | The Eras Tour | The Final Show"" layer_series_title=""Taylor Swift | The Eras Tour | The Final Show""",
tmdb_quality,2026-07-03 08:59:31,SUCCESS,Taylor Swift _ The Eras Tour _ The Final Show,Taylor Swift | The Eras Tour | The Final Show,Taylor Swift _ The Eras Tour _ The Final Show,"app_name=""Disney+"" app_id=""com.disney.disneyplus"" streaming_service_label=""Disney+"" streaming_service_badge=""App logos/AppLogo_DisneyPlus.png""","raw_title=""Taylor Swift | The Eras Tour | The Final Show"" raw_query=""Taylor Swift | The Eras Tour | The Final Show"" layer_series_title=""Taylor Swift | The Eras Tour | The Final Show""",
tmdb_quality,2026-07-03 09:07:26,SUCCESS,Bob's Burgers,Bob's Burgers,Bob's Burgers,"app_name=""Disney+"" app_id=""com.disney.disneyplus"" streaming_service_label=""Disney+"" streaming_service_badge=""App logos/AppLogo_DisneyPlus.png""","raw_title=""Bob's Burgers"" raw_query=""Bob's Burgers"" layer_series_title=""Bob's Burgers""",
tmdb_quality,2026-07-03 09:11:03,SUCCESS,Bob's Burgers,Bob's Burgers,Bob's Burgers,"app_name=""Disney+"" app_id=""com.disney.disneyplus"" streaming_service_label=""Disney+"" streaming_service_badge=""App logos/AppLogo_DisneyPlus.png""","raw_title=""Bob's Burgers"" raw_query=""Bob's Burgers"" layer_series_title=""Bob's Burgers""",
tmdb_quality,2026-07-03 09:33:00,SUCCESS,Bob's Burgers,Bob's Burgers,Bob's Burgers,"app_name=""Disney+"" app_id=""com.disney.disneyplus"" streaming_service_label=""Disney+"" streaming_service_badge=""App logos/AppLogo_DisneyPlus.png""","raw_title=""Bob's Burgers"" raw_query=""Bob's Burgers"" layer_series_title=""Bob's Burgers""",
tmdb_quality,2026-07-03 09:54:43,SUCCESS,Bob's Burgers,Bob's Burgers,Bob's Burgers,"app_name=""Disney+"" app_id=""com.disney.disneyplus"" streaming_service_label=""Disney+"" streaming_service_badge=""App logos/AppLogo_DisneyPlus.png""","raw_title=""Bob's Burgers"" raw_query=""Bob's Burgers"" layer_series_title=""Bob's Burgers""",
tmdb_quality,2026-07-03 09:57:39,SUCCESS,Bob's Burgers,Bob's Burgers,Bob's Burgers,"app_name=""Disney+"" app_id=""com.disney.disneyplus"" streaming_service_label=""Disney+"" streaming_service_badge=""App logos/AppLogo_DisneyPlus.png""","raw_title=""Bob's Burgers"" raw_query=""Bob's Burgers"" layer_series_title=""Bob's Burgers""",
tmdb_quality,2026-07-03 10:19:10,SUCCESS,Bob's Burgers,Bob's Burgers,Bob's Burgers,"app_name=""Disney+"" app_id=""com.disney.disneyplus"" streaming_service_label=""Disney+"" streaming_service_badge=""App logos/AppLogo_DisneyPlus.png""","raw_title=""Bob's Burgers"" raw_query=""Bob's Burgers"" layer_series_title=""Bob's Burgers""",
tmdb_quality,2026-07-03 10:27:19,SUCCESS,Bob's Burgers,Bob's Burgers,Bob's Burgers,"app_name=""Disney+"" app_id=""com.disney.disneyplus"" streaming_service_label=""Disney+"" streaming_service_badge=""App logos/AppLogo_DisneyPlus.png""","raw_title=""Bob's Burgers"" raw_query=""Bob's Burgers"" layer_series_title=""Bob's Burgers""",
tmdb_quality,2026-07-03 10:40:32,SUCCESS,Bob's Burgers,Bob's Burgers,Bob's Burgers,"app_name=""Disney+"" app_id=""com.disney.disneyplus"" streaming_service_label=""Disney+"" streaming_service_badge=""App logos/AppLogo_DisneyPlus.png""","raw_title=""Bob's Burgers"" raw_query=""Bob's Burgers"" layer_series_title=""Bob's Burgers""",
tmdb_quality,2026-07-03 10:42:06,SUCCESS,Bob's Burgers,Bob's Burgers,Bob's Burgers,"app_name=""Disney+"" app_id=""com.disney.disneyplus"" streaming_service_label=""Disney+"" streaming_service_badge=""App logos/AppLogo_DisneyPlus.png""","raw_title=""Bob's Burgers"" raw_query=""Bob's Burgers"" layer_series_title=""Bob's Burgers""",
tmdb_quality,2026-07-03 11:58:14,SUCCESS,Bluey,Bluey,Bluey,"app_name=""Disney+"" app_id=""com.disney.disneyplus"" streaming_service_label=""Disney+"" streaming_service_badge=""App logos/AppLogo_DisneyPlus.png""","raw_title=""Bluey"" raw_query=""Bluey"" layer_series_title=""Bluey""",
tmdb_quality,2026-07-03 19:06:16,SUCCESS,Bluey,Bluey,Bluey,"app_name=""Disney+"" app_id=""com.disney.disneyplus"" streaming_service_label=""Disney+"" streaming_service_badge=""App logos/AppLogo_DisneyPlus.png""","raw_title=""Bluey"" raw_query=""Bluey"" layer_series_title=""Bluey""",
tmdb_quality,2026-07-03 20:12:18,SUCCESS,Ernest Goes to Camp,Ernest Goes to Camp,Ernest Goes to Camp,"app_name=""TV"" app_id=""com.apple.TVWatchList"" streaming_service_label=""Apple TV"" streaming_service_badge=""App logos/AppLogo_AppleTV.png""","raw_title=""Ernest Goes To Camp (1987)"" raw_query=""Ernest Goes To Camp (1987)"" layer_series_title=""Ernest Goes To Camp (1987)""",
tmdb_quality,2026-07-03 20:55:10,SUCCESS,Wall Engravings,Wall Engravings,Wall Engravings,"app_name=""TV"" app_id=""com.apple.TVWatchList"" streaming_service_label=""Apple TV"" streaming_service_badge=""App logos/AppLogo_AppleTV.png""","raw_title=""WALL•E"" raw_query=""WALL•E"" layer_series_title=""WALL•E""",
tmdb_quality,2026-07-03 21:16:48,SUCCESS,WALL·E,WALL·E,WALL·E,"app_name=""TV"" app_id=""com.apple.TVWatchList"" streaming_service_label=""Apple TV"" streaming_service_badge=""App logos/AppLogo_AppleTV.png""","raw_title=""WALL•E"" raw_query=""WALL•E"" layer_series_title=""WALL•E""",
tmdb_quality,2026-07-03 21:27:13,SUCCESS,WALL·E,WALL·E,WALL·E,"app_name=""TV"" app_id=""com.apple.TVWatchList"" streaming_service_label=""Apple TV"" streaming_service_badge=""App logos/AppLogo_AppleTV.png""","raw_title=""WALL•E"" raw_query=""WALL•E"" layer_series_title=""WALL•E""",
tmdb_quality,2026-07-03 23:43:11,SUCCESS,Anaconda,Anaconda,Anaconda,"app_name=""TV"" app_id=""com.apple.TVWatchList"" streaming_service_label=""Apple TV"" streaming_service_badge=""App logos/AppLogo_AppleTV.png""","raw_title=""Anaconda (2025)"" raw_query=""Anaconda (2025)"" layer_series_title=""Anaconda (2025)""",
tmdb_quality,2026-07-04 00:44:36,SUCCESS,Will Ferrell_ Larger than Life,Will Ferrell: Larger than Life,Will Ferrell_ Larger than Life,"app_name=""Peacock"" app_id=""com.peacocktv.peacock"" streaming_service_label=""Peacock"" streaming_service_badge=""App logos/AppLogo_Peacock.png""","raw_title=""Will Ferrell: May 16, 2026"" raw_query=""Will Ferrell"" layer_series_title=""Will Ferrell: May 16, 2026""",
tmdb_quality,2026-07-04 00:44:48,FAILURE,Will Ferrell_ Larger than Life,Will Ferrell: Larger than Life,Will Ferrell_ Larger than Life,"app_name=""Peacock"" app_id=""com.peacocktv.peacock"" streaming_service_label=""Peacock"" streaming_service_badge=""App logos/AppLogo_Peacock.png""","raw_title=""Will Ferrell: May 16, 2026"" raw_query=""Will Ferrell"" layer_series_title=""Will Ferrell: May 16, 2026""",
tmdb_quality,2026-07-04 02:21:13,SUCCESS,Taylor Swift _ The Eras Tour _ The Final Show,Taylor Swift | The Eras Tour | The Final Show,Taylor Swift _ The Eras Tour _ The Final Show,"app_name=""Disney+"" app_id=""com.disney.disneyplus"" streaming_service_label=""Disney+"" streaming_service_badge=""App logos/AppLogo_DisneyPlus.png""","raw_title=""Taylor Swift | The Eras Tour | The Final Show"" raw_query=""Taylor Swift | The Eras Tour | The Final Show"" layer_series_title=""Taylor Swift | The Eras Tour | The Final Show""",
tmdb_quality,2026-07-04 09:59:02,SUCCESS,Bob's Burgers,Bob's Burgers,Bob's Burgers,"app_name=""Disney+"" app_id=""com.disney.disneyplus"" streaming_service_label=""Disney+"" streaming_service_badge=""App logos/AppLogo_DisneyPlus.png""","raw_title=""Bob's Burgers"" raw_query=""Bob's Burgers"" layer_series_title=""Bob's Burgers""",
tmdb_quality,2026-07-04 11:54:31,FAILURE,,,user_flagged,"app_name=""TV"" app_id=""com.apple.TVWatchList"" streaming_service_label=""Apple TV"" streaming_service_badge=""App logos/AppLogo_AppleTV.png""","raw_title=""Snoopy in Space: The Search for Life"" raw_query=""Snoopy in Space"" layer_series_title=""Snoopy in Space: The Search for Life""",
tmdb_retry,2026-07-04 11:54:32,,,,,,,"{""event"": ""tmdb_error_flag_retry"", ""rule_index"": 0, ""rule_id"": ""tv+raw_title"", ""prefer"": ""tv"", ""query_source"": ""raw_title"", ""query_sent"": ""Snoopy in Space"", ""primary_query"": ""Snoopy in Space: The Search for Life"", ""raw_title_query"": ""Snoopy in Space"", ""alternate_available"": false, ""alternate_query"": null, ""t"": ""2026-07-04T15:54:32.072190+00:00""}"
tmdb_quality,2026-07-04 11:54:34,FAILURE,,,user_flagged,"app_name=""TV"" app_id=""com.apple.TVWatchList"" streaming_service_label=""Apple TV"" streaming_service_badge=""App logos/AppLogo_AppleTV.png""","raw_title=""Snoopy in Space: The Search for Life"" raw_query=""Snoopy in Space"" layer_series_title=""Snoopy in Space: The Search for Life""",
tmdb_retry,2026-07-04 11:54:34,,,,,,,"{""event"": ""tmdb_error_flag_retry"", ""rule_index"": 1, ""rule_id"": ""tv+alternate_query"", ""prefer"": ""tv"", ""query_source"": ""alternate"", ""query_sent"": ""Snoopy in Space"", ""primary_query"": ""Snoopy in Space: The Search for Life"", ""raw_title_query"": ""Snoopy in Space"", ""alternate_available"": false, ""alternate_query"": null, ""t"": ""2026-07-04T15:54:34.748274+00:00""}"
tmdb_quality,2026-07-04 11:54:41,FAILURE,Snoopy in Space_ The Search for Life,Snoopy in Space: The Search for Life,user_flagged,"app_name=""TV"" app_id=""com.apple.TVWatchList"" streaming_service_label=""Apple TV"" streaming_service_badge=""App logos/AppLogo_AppleTV.png""","raw_title=""Snoopy in Space: The Search for Life"" raw_query=""Snoopy in Space"" layer_series_title=""Snoopy in Space: The Search for Life""",
tmdb_retry,2026-07-04 11:54:41,,,,,,,"{""event"": ""tmdb_error_flag_retry"", ""rule_index"": 2, ""rule_id"": ""auto+raw_title"", ""prefer"": ""auto"", ""query_source"": ""raw_title"", ""query_sent"": ""Snoopy in Space"", ""primary_query"": ""Snoopy in Space: The Search for Life"", ""raw_title_query"": ""Snoopy in Space"", ""alternate_available"": false, ""alternate_query"": null, ""t"": ""2026-07-04T15:54:41.199798+00:00""}"
tmdb_quality,2026-07-06 10:19:17,SUCCESS,Bob's Burgers,Bob's Burgers,Bob's Burgers,"app_name=""Disney+"" app_id=""com.disney.disneyplus"" streaming_service_label=""Disney+"" streaming_service_badge=""App logos/AppLogo_DisneyPlus.png""","raw_title=""Bob's Burgers"" raw_query=""Bob's Burgers"" layer_series_title=""Bob's Burgers""",
tmdb_quality,2026-07-06 10:28:13,SUCCESS,Bob's Burgers,Bob's Burgers,Bob's Burgers,"app_name=""Disney+"" app_id=""com.disney.disneyplus"" streaming_service_label=""Disney+"" streaming_service_badge=""App logos/AppLogo_DisneyPlus.png""","raw_title=""Bob's Burgers"" raw_query=""Bob's Burgers"" layer_series_title=""Bob's Burgers""",
tmdb_quality,2026-07-06 11:08:01,SUCCESS,Bob's Burgers,Bob's Burgers,Bob's Burgers,"app_name=""Disney+"" app_id=""com.disney.disneyplus"" streaming_service_label=""Disney+"" streaming_service_badge=""App logos/AppLogo_DisneyPlus.png""","raw_title=""Bob's Burgers"" raw_query=""Bob's Burgers"" layer_series_title=""Bob's Burgers""",
tmdb_quality,2026-07-07 10:13:27,SUCCESS,A Minecraft Movie,A Minecraft Movie,A Minecraft Movie,"app_name=""TV"" app_id=""com.apple.TVWatchList"" streaming_service_label=""Apple TV"" streaming_service_badge=""App logos/AppLogo_AppleTV.png""","raw_title=""A Minecraft Movie"" raw_query=""A Minecraft Movie"" layer_series_title=""A Minecraft Movie""",
tmdb_quality,2026-07-20 19:59:42,SUCCESS,What About Bob,What About Bob?,What About Bob,"app_name=""TV"" app_id=""com.apple.TVWatchList"" streaming_service_label=""Apple TV"" streaming_service_badge=""App logos/AppLogo_AppleTV.png""","raw_title=""What About Bob?"" raw_query=""What About Bob?"" layer_series_title=""What About Bob?""",
tmdb_quality,2026-07-20 19:59:46,SUCCESS,What About Bob,What About Bob?,What About Bob,"app_name=""TV"" app_id=""com.apple.TVWatchList"" streaming_service_label=""Apple TV"" streaming_service_badge=""App logos/AppLogo_AppleTV.png""","raw_title=""What About Bob?"" raw_query=""What About Bob?"" layer_series_title=""What About Bob?""",
tmdb_quality,2026-07-21 16:06:28,SUCCESS,Meet Spidey and his Amazing Friends,Meet Spidey and his Amazing Friends,Spidey and His Amazing Friends,"app_name=""Disney+"" app_id=""com.disney.disneyplus"" streaming_service_label=""Disney+"" streaming_service_badge=""App logos/AppLogo_DisneyPlus.png""","raw_title=""Meet Spidey and his Amazing Friends"" raw_query=""Meet Spidey and his Amazing Friends"" layer_series_title=""Meet Spidey and his Amazing Friends""",
tmdb_quality,2026-07-21 16:06:30,SUCCESS,Meet Spidey and his Amazing Friends,Meet Spidey and his Amazing Friends,Spidey and His Amazing Friends,"app_name=""Disney+"" app_id=""com.disney.disneyplus"" streaming_service_label=""Disney+"" streaming_service_badge=""App logos/AppLogo_DisneyPlus.png""","raw_title=""Meet Spidey and his Amazing Friends"" raw_query=""Meet Spidey and his Amazing Friends"" layer_series_title=""Meet Spidey and his Amazing Friends""",
tmdb_quality,2026-07-21 16:14:41,SUCCESS,Spidey and His Amazing Friends,Spidey and His Amazing Friends,Spidey and His Amazing Friends,"app_name=""Disney+"" app_id=""com.disney.disneyplus"" streaming_service_label=""Disney+"" streaming_service_badge=""App logos/AppLogo_DisneyPlus.png""","raw_title=""Spidey and his Amazing Friends"" raw_query=""Spidey and his Amazing Friends"" layer_series_title=""Spidey and his Amazing Friends""",
tmdb_quality,2026-07-21 16:28:02,SUCCESS,Spidey and His Amazing Friends,Spidey and His Amazing Friends,Spidey and His Amazing Friends,"app_name=""Disney+"" app_id=""com.disney.disneyplus"" streaming_service_label=""Disney+"" streaming_service_badge=""App logos/AppLogo_DisneyPlus.png""","raw_title=""Spidey and his Amazing Friends"" raw_query=""Spidey and his Amazing Friends"" layer_series_title=""Spidey and his Amazing Friends""",
tmdb_quality,2026-07-21 16:34:51,SUCCESS,Spidey and His Amazing Friends,Spidey and His Amazing Friends,Spidey and His Amazing Friends,"app_name=""Disney+"" app_id=""com.disney.disneyplus"" streaming_service_label=""Disney+"" streaming_service_badge=""App logos/AppLogo_DisneyPlus.png""","raw_title=""Spidey and his Amazing Friends"" raw_query=""Spidey and his Amazing Friends"" layer_series_title=""Spidey and his Amazing Friends""",
tmdb_quality,2026-07-21 16:37:20,SUCCESS,Spidey and His Amazing Friends,Spidey and His Amazing Friends,Spidey and His Amazing Friends,"app_name=""Disney+"" app_id=""com.disney.disneyplus"" streaming_service_label=""Disney+"" streaming_service_badge=""App logos/AppLogo_DisneyPlus.png""","raw_title=""Spidey and his Amazing Friends"" raw_query=""Spidey and his Amazing Friends"" layer_series_title=""Spidey and his Amazing Friends""",
tmdb_quality,2026-07-21 16:44:00,SUCCESS,Spidey and His Amazing Friends,Spidey and His Amazing Friends,Spidey and His Amazing Friends,"app_name=""Disney+"" app_id=""com.disney.disneyplus"" streaming_service_label=""Disney+"" streaming_service_badge=""App logos/AppLogo_DisneyPlus.png""","raw_title=""Spidey and his Amazing Friends"" raw_query=""Spidey and his Amazing Friends"" layer_series_title=""Spidey and his Amazing Friends""",
tmdb_quality,2026-07-21 16:50:24,SUCCESS,Spidey and His Amazing Friends,Spidey and His Amazing Friends,Spidey and His Amazing Friends,"app_name=""Disney+"" app_id=""com.disney.disneyplus"" streaming_service_label=""Disney+"" streaming_service_badge=""App logos/AppLogo_DisneyPlus.png""","raw_title=""Spidey and his Amazing Friends"" raw_query=""Spidey and his Amazing Friends"" layer_series_title=""Spidey and his Amazing Friends""",
tmdb_quality,2026-07-21 18:03:06,SUCCESS,What About Bob,What About Bob?,What About Bob,"app_name=""TV"" app_id=""com.apple.TVWatchList"" streaming_service_label=""Apple TV"" streaming_service_badge=""App logos/AppLogo_AppleTV.png""","raw_title=""What About Bob?"" raw_query=""What About Bob?"" layer_series_title=""What About Bob?""",
tmdb_quality,2026-07-23 23:25:16,SUCCESS,Now You See Me 2,Now You See Me 2,Now You See Me 2,"app_name=""TV"" app_id=""com.apple.TVWatchList"" streaming_service_label=""Apple TV"" streaming_service_badge=""App logos/AppLogo_AppleTV.png""","raw_title=""Now You See Me 2"" raw_query=""Now You See Me 2"" layer_series_title=""Now You See Me 2""",
tmdb_quality,2026-07-23 23:25:25,SUCCESS,Now You See Me 2,Now You See Me 2,Now You See Me 2,"app_name=""TV"" app_id=""com.apple.TVWatchList"" streaming_service_label=""Apple TV"" streaming_service_badge=""App logos/AppLogo_AppleTV.png""","raw_title=""Now You See Me 2"" raw_query=""Now You See Me 2"" layer_series_title=""Now You See Me 2""",
tmdb_quality,2026-07-23 23:37:22,SUCCESS,Now You See Me 2,Now You See Me 2,Now You See Me 2,"app_name=""TV"" app_id=""com.apple.TVWatchList"" streaming_service_label=""Apple TV"" streaming_service_badge=""App logos/AppLogo_AppleTV.png""","raw_title=""Now You See Me 2"" raw_query=""Now You See Me 2"" layer_series_title=""Now You See Me 2""",
tmdb_quality,2026-07-23 23:42:48,SUCCESS,Anaconda (2025),Anaconda (2025),Anaconda,"app_name=""TV"" app_id=""com.apple.TVWatchList"" streaming_service_label=""Apple TV"" streaming_service_badge=""App logos/AppLogo_AppleTV.png""","raw_title=""Anaconda (2025)"" raw_query=""Anaconda (2025)"" layer_series_title=""Anaconda (2025)""",
tmdb_quality,2026-07-23 23:44:00,SUCCESS,Anaconda (2025),Anaconda (2025),Anaconda,"app_name=""TV"" app_id=""com.apple.TVWatchList"" streaming_service_label=""Apple TV"" streaming_service_badge=""App logos/AppLogo_AppleTV.png""","raw_title=""Anaconda (2025)"" raw_query=""Anaconda (2025)"" layer_series_title=""Anaconda (2025)""",
tmdb_quality,2026-07-24 07:41:03,SUCCESS,Forgetting Sarah Marshall,Forgetting Sarah Marshall,Forgetting Sarah Marshall,"app_name=""TV"" app_id=""com.apple.TVWatchList"" streaming_service_label=""Apple TV"" streaming_service_badge=""App logos/AppLogo_AppleTV.png""","raw_title=""Forgetting Sarah Marshall"" raw_query=""Forgetting Sarah Marshall"" layer_series_title=""Forgetting Sarah Marshall""",
tmdb_quality,2026-07-24 07:41:18,SUCCESS,Forgetting Sarah Marshall,Forgetting Sarah Marshall,Forgetting Sarah Marshall,"app_name=""TV"" app_id=""com.apple.TVWatchList"" streaming_service_label=""Apple TV"" streaming_service_badge=""App logos/AppLogo_AppleTV.png""","raw_title=""Forgetting Sarah Marshall"" raw_query=""Forgetting Sarah Marshall"" layer_series_title=""Forgetting Sarah Marshall""",
tmdb_quality,2026-07-24 07:42:23,SUCCESS,Song Sung Blue (2025),Song Sung Blue (2025),Song Sung Blue,"app_name=""TV"" app_id=""com.apple.TVWatchList"" streaming_service_label=""Apple TV"" streaming_service_badge=""App logos/AppLogo_AppleTV.png""","raw_title=""Song Sung Blue (2025)"" raw_query=""Song Sung Blue (2025)"" layer_series_title=""Song Sung Blue (2025)""",
tmdb_quality,2026-07-24 07:44:20,SUCCESS,Song Sung Blue (2025),Song Sung Blue (2025),Song Sung Blue,"app_name=""TV"" app_id=""com.apple.TVWatchList"" streaming_service_label=""Apple TV"" streaming_service_badge=""App logos/AppLogo_AppleTV.png""","raw_title=""Song Sung Blue (2025)"" raw_query=""Song Sung Blue (2025)"" layer_series_title=""Song Sung Blue (2025)""",
tmdb_quality,2026-07-24 07:44:37,SUCCESS,Song Sung Blue (2025),Song Sung Blue (2025),Song Sung Blue,"app_name=""TV"" app_id=""com.apple.TVWatchList"" streaming_service_label=""Apple TV"" streaming_service_badge=""App logos/AppLogo_AppleTV.png""","raw_title=""Song Sung Blue (2025)"" raw_query=""Song Sung Blue (2025)"" layer_series_title=""Song Sung Blue (2025)""",
tmdb_quality,2026-07-24 07:47:36,SUCCESS,Song Sung Blue (2025),Song Sung Blue (2025),Song Sung Blue,"app_name=""TV"" app_id=""com.apple.TVWatchList"" streaming_service_label=""Apple TV"" streaming_service_badge=""App logos/AppLogo_AppleTV.png""","raw_title=""Song Sung Blue (2025)"" raw_query=""Song Sung Blue (2025)"" layer_series_title=""Song Sung Blue (2025)""",
tmdb_quality,2026-07-24 07:48:18,SUCCESS,Song Sung Blue (2025),Song Sung Blue (2025),Song Sung Blue,"app_name=""TV"" app_id=""com.apple.TVWatchList"" streaming_service_label=""Apple TV"" streaming_service_badge=""App logos/AppLogo_AppleTV.png""","raw_title=""Song Sung Blue (2025)"" raw_query=""Song Sung Blue (2025)"" layer_series_title=""Song Sung Blue (2025)""",
tmdb_quality,2026-07-24 07:49:15,SUCCESS,Paul Blart_ Mall Cop,Paul Blart: Mall Cop,Paul Blart_ Mall Cop,"app_name=""TV"" app_id=""com.apple.TVWatchList"" streaming_service_label=""Apple TV"" streaming_service_badge=""App logos/AppLogo_AppleTV.png""","raw_title=""Paul Blart: Mall Cop"" raw_query=""Paul Blart"" layer_series_title=""Paul Blart: Mall Cop""",
tmdb_quality,2026-07-24 07:49:49,SUCCESS,Song Sung Blue (2025),Song Sung Blue (2025),Song Sung Blue,"app_name=""TV"" app_id=""com.apple.TVWatchList"" streaming_service_label=""Apple TV"" streaming_service_badge=""App logos/AppLogo_AppleTV.png""","raw_title=""Song Sung Blue (2025)"" raw_query=""Song Sung Blue (2025)"" layer_series_title=""Song Sung Blue (2025)""",
tmdb_quality,2026-07-24 07:55:00,SUCCESS,Game Night (2018),Game Night (2018),Game Night,"app_name=""TV"" app_id=""com.apple.TVWatchList"" streaming_service_label=""Apple TV"" streaming_service_badge=""App logos/AppLogo_AppleTV.png""","raw_title=""Game Night (2018)"" raw_query=""Game Night (2018)"" layer_series_title=""Game Night (2018)""",
tmdb_quality,2026-07-24 07:55:32,SUCCESS,Game Night (2018),Game Night (2018),Game Night,"app_name=""TV"" app_id=""com.apple.TVWatchList"" streaming_service_label=""Apple TV"" streaming_service_badge=""App logos/AppLogo_AppleTV.png""","raw_title=""Game Night (2018)"" raw_query=""Game Night (2018)"" layer_series_title=""Game Night (2018)""",
tmdb_quality,2026-07-24 07:58:09,SUCCESS,Game Night (2018),Game Night (2018),Game Night,"app_name=""TV"" app_id=""com.apple.TVWatchList"" streaming_service_label=""Apple TV"" streaming_service_badge=""App logos/AppLogo_AppleTV.png""","raw_title=""Game Night (2018)"" raw_query=""Game Night (2018)"" layer_series_title=""Game Night (2018)""",
tmdb_quality,2026-07-24 07:59:58,SUCCESS,Game Night (2018),Game Night (2018),Game Night,"app_name=""TV"" app_id=""com.apple.TVWatchList"" streaming_service_label=""Apple TV"" streaming_service_badge=""App logos/AppLogo_AppleTV.png""","raw_title=""Game Night (2018)"" raw_query=""Game Night (2018)"" layer_series_title=""Game Night (2018)""",
tmdb_quality,2026-07-24 08:05:05,SUCCESS,Game Night (2018),Game Night (2018),Game Night,"app_name=""TV"" app_id=""com.apple.TVWatchList"" streaming_service_label=""Apple TV"" streaming_service_badge=""App logos/AppLogo_AppleTV.png""","raw_title=""Game Night (2018)"" raw_query=""Game Night (2018)"" layer_series_title=""Game Night (2018)""",
tmdb_quality,2026-07-24 08:06:30,SUCCESS,Song Sung Blue (2025),Song Sung Blue (2025),Song Sung Blue,"app_name=""TV"" app_id=""com.apple.TVWatchList"" streaming_service_label=""Apple TV"" streaming_service_badge=""App logos/AppLogo_AppleTV.png""","raw_title=""Song Sung Blue (2025)"" raw_query=""Song Sung Blue (2025)"" layer_series_title=""Song Sung Blue (2025)""",
tmdb_quality,2026-07-24 08:08:06,SUCCESS,Song Sung Blue,Song Sung Blue (2025),Song Sung Blue,"app_name=""TV"" app_id=""com.apple.TVWatchList"" streaming_service_label=""Apple TV"" streaming_service_badge=""App logos/AppLogo_AppleTV.png""","raw_title=""Song Sung Blue (2025)"" raw_query=""Song Sung Blue (2025)"" layer_series_title=""Song Sung Blue (2025)""",
tmdb_quality,2026-07-24 08:08:35,SUCCESS,Game Night,Game Night (2018),Game Night,"app_name=""TV"" app_id=""com.apple.TVWatchList"" streaming_service_label=""Apple TV"" streaming_service_badge=""App logos/AppLogo_AppleTV.png""","raw_title=""Game Night (2018)"" raw_query=""Game Night (2018)"" layer_series_title=""Game Night (2018)""",
tmdb_quality,2026-07-24 08:14:03,SUCCESS,Paul Blart_ Mall Cop,Paul Blart: Mall Cop,Paul Blart_ Mall Cop,"app_name=""TV"" app_id=""com.apple.TVWatchList"" streaming_service_label=""Apple TV"" streaming_service_badge=""App logos/AppLogo_AppleTV.png""","raw_title=""Paul Blart: Mall Cop"" raw_query=""Paul Blart"" layer_series_title=""Paul Blart: Mall Cop""",
tmdb_quality,2026-07-24 08:25:37,SUCCESS,Abominable,Abominable (2019),Abominable,"app_name=""TV"" app_id=""com.apple.TVWatchList"" streaming_service_label=""Apple TV"" streaming_service_badge=""App logos/AppLogo_AppleTV.png""","raw_title=""Abominable (2019)"" raw_query=""Abominable (2019)"" layer_series_title=""Abominable (2019)""",
tmdb_quality,2026-07-24 08:27:03,SUCCESS,Back to the Future,Back to the Future,Back to the Future,"app_name=""TV"" app_id=""com.apple.TVWatchList"" streaming_service_label=""Apple TV"" streaming_service_badge=""App logos/AppLogo_AppleTV.png""","raw_title=""Back to the Future"" raw_query=""Back to the Future"" layer_series_title=""Back to the Future""",
tmdb_quality,2026-07-24 08:35:06,SUCCESS,E.T. the Extra-Terrestrial,E.T. the Extra-Terrestrial,E.T. the Extra-Terrestrial,"app_name=""TV"" app_id=""com.apple.TVWatchList"" streaming_service_label=""Apple TV"" streaming_service_badge=""App logos/AppLogo_AppleTV.png""","raw_title=""E.T. The Extra-Terrestrial"" raw_query=""E.T. The Extra-Terrestrial"" layer_series_title=""E.T. The Extra-Terrestrial""",
tmdb_quality,2026-07-24 08:37:45,SUCCESS,A Minecraft Movie,Minecraft: The Story of Mojang,A Minecraft Movie,"app_name=""TV"" app_id=""com.apple.TVWatchList"" streaming_service_label=""Apple TV"" streaming_service_badge=""App logos/AppLogo_AppleTV.png""","raw_title=""Minecraft: The Story of Mojang"" raw_query=""Minecraft"" layer_series_title=""Minecraft: The Story of Mojang""",
tmdb_quality,2026-07-24 08:43:41,SUCCESS,E.T. the Extra-Terrestrial,E.T. the Extra-Terrestrial,E.T. the Extra-Terrestrial,"app_name=""TV"" app_id=""com.apple.TVWatchList"" streaming_service_label=""Apple TV"" streaming_service_badge=""App logos/AppLogo_AppleTV.png""","raw_title=""E.T. The Extra-Terrestrial"" raw_query=""E.T. The Extra-Terrestrial"" layer_series_title=""E.T. The Extra-Terrestrial""",
tmdb_quality,2026-07-24 08:49:39,SUCCESS,E.T. the Extra-Terrestrial,E.T. the Extra-Terrestrial,E.T. the Extra-Terrestrial,"app_name=""TV"" app_id=""com.apple.TVWatchList"" streaming_service_label=""Apple TV"" streaming_service_badge=""App logos/AppLogo_AppleTV.png""","raw_title=""E.T. The Extra-Terrestrial"" raw_query=""E.T. The Extra-Terrestrial"" layer_series_title=""E.T. The Extra-Terrestrial""",
tmdb_quality,2026-07-24 08:51:42,SUCCESS,The Greatest Showman,The Greatest Showman,The Greatest Showman,"app_name=""TV"" app_id=""com.apple.TVWatchList"" streaming_service_label=""Apple TV"" streaming_service_badge=""App logos/AppLogo_AppleTV.png""","raw_title=""The Greatest Showman"" raw_query=""The Greatest Showman"" layer_series_title=""The Greatest Showman""",
tmdb_quality,2026-07-24 08:51:46,SUCCESS,The Greatest Showman,The Greatest Showman,The Greatest Showman,"app_name=""TV"" app_id=""com.apple.TVWatchList"" streaming_service_label=""Apple TV"" streaming_service_badge=""App logos/AppLogo_AppleTV.png""","raw_title=""The Greatest Showman"" raw_query=""The Greatest Showman"" layer_series_title=""The Greatest Showman""",
tmdb_quality,2026-07-24 09:06:53,SUCCESS,Harry Potter and the Deathly Hallows_ Part 1,Harry Potter and the Deathly Hallows: Part 1,Harry Potter and the Deathly Hallows_ Part 1,"app_name=""TV"" app_id=""com.apple.TVWatchList"" streaming_service_label=""Apple TV"" streaming_service_badge=""App logos/AppLogo_AppleTV.png""","raw_title=""Harry Potter and the Deathly Hallows, Part 1"" raw_query=""Harry Potter and the Deathly Hallows, Part 1"" layer_series_title=""Harry Potter and the Deathly Hallows, Part 1""",
tmdb_quality,2026-07-30 16:04:07,SUCCESS,Bob's Burgers,Bob's Burgers,Bob's Burgers,"app_name=""Disney+"" app_id=""com.disney.disneyplus"" streaming_service_label=""Disney+"" streaming_service_badge=""App logos/AppLogo_DisneyPlus.png""","raw_title=""Bob's Burgers"" raw_query=""Bob's Burgers"" layer_series_title=""Bob's Burgers""",
tmdb_quality,2026-07-30 16:28:22,SUCCESS,Bob's Burgers,Bob's Burgers,Bob's Burgers,"app_name=""Disney+"" app_id=""com.disney.disneyplus"" streaming_service_label=""Disney+"" streaming_service_badge=""App logos/AppLogo_DisneyPlus.png""","raw_title=""Bob's Burgers"" raw_query=""Bob's Burgers"" layer_series_title=""Bob's Burgers""",
tmdb_quality,2026-07-30 16:55:24,SUCCESS,Bluey Compilations,Bluey Compilations,Bluey Compilations,"app_name=""Disney+"" app_id=""com.disney.disneyplus"" streaming_service_label=""Disney+"" streaming_service_badge=""App logos/AppLogo_DisneyPlus.png""","raw_title=""Bluey Compilations"" raw_query=""Bluey Compilations"" layer_series_title=""Bluey Compilations""",
tmdb_quality,2026-07-30 17:12:07,SUCCESS,Bluey Compilations,Bluey Compilations,Bluey Compilations,"app_name=""Disney+"" app_id=""com.disney.disneyplus"" streaming_service_label=""Disney+"" streaming_service_badge=""App logos/AppLogo_DisneyPlus.png""","raw_title=""Bluey Compilations"" raw_query=""Bluey Compilations"" layer_series_title=""Bluey Compilations""",
tmdb_quality,2026-08-05 12:02:15,SUCCESS,Troop Zero,Troop Zero,Troop Zero,"app_name=""Prime Video"" app_id=""com.amazon.aiv.AIVApp"" streaming_service_label=""Prime Video"" streaming_service_badge=""App logos/AppLogo_PrimeVideo.png""","raw_title=""Troop Zero"" raw_query=""Troop Zero"" layer_series_title=""Troop Zero""",
tmdb_quality,2026-08-05 12:06:13,SUCCESS,Troop Zero,Troop Zero,Troop Zero,"app_name=""Prime Video"" app_id=""com.amazon.aiv.AIVApp"" streaming_service_label=""Prime Video"" streaming_service_badge=""App logos/AppLogo_PrimeVideo.png""","raw_title=""Troop Zero"" raw_query=""Troop Zero"" layer_series_title=""Troop Zero""",
tmdb_quality,2026-08-05 12:10:56,SUCCESS,Troop Zero,Troop Zero,Troop Zero,"app_name=""Prime Video"" app_id=""com.amazon.aiv.AIVApp"" streaming_service_label=""Prime Video"" streaming_service_badge=""App logos/AppLogo_PrimeVideo.png""","raw_title=""Troop Zero"" raw_query=""Troop Zero"" layer_series_title=""Troop Zero""",
tmdb_quality,2026-08-05 12:13:44,SUCCESS,Troop Zero,Troop Zero,Troop Zero,"app_name=""Prime Video"" app_id=""com.amazon.aiv.AIVApp"" streaming_service_label=""Prime Video"" streaming_service_badge=""App logos/AppLogo_PrimeVideo.png""","raw_title=""Troop Zero"" raw_query=""Troop Zero"" layer_series_title=""Troop Zero""",
tmdb_quality,2026-08-05 17:19:32,SUCCESS,"Snoopy Presents_ There's No Place Like Home, Snoopy","Snoopy Presents: There's No Place Like Home, Snoopy","Snoopy Presents_ There's No Place Like Home, Snoopy","app_name=""TV"" app_id=""com.apple.TVWatchList"" streaming_service_label=""Apple TV"" streaming_service_badge=""App logos/AppLogo_AppleTV.png""","raw_title=""There's No Place Like Home, Snoopy"" raw_query=""There's No Place Like Home, Snoopy"" layer_series_title=""There's No Place Like Home, Snoopy""",
tmdb_quality,2026-08-05 19:06:57,SUCCESS,Stillwater,Stillwater,Stillwater,"app_name=""TV"" app_id=""com.apple.TVWatchList"" streaming_service_label=""Apple TV"" streaming_service_badge=""App logos/AppLogo_AppleTV.png""","raw_title=""Stillwater"" raw_query=""Stillwater"" layer_series_title=""Stillwater""",
tmdb_quality,2026-08-05 19:08:58,SUCCESS,Bluey,Bluey,Bluey,"app_name=""Disney+"" app_id=""com.disney.disneyplus"" streaming_service_label=""Disney+"" streaming_service_badge=""App logos/AppLogo_DisneyPlus.png""","raw_title=""Bluey"" raw_query=""Bluey"" layer_series_title=""Bluey""",
tmdb_quality,2026-08-05 19:16:18,SUCCESS,Bluey,Bluey,Bluey,"app_name=""Disney+"" app_id=""com.disney.disneyplus"" streaming_service_label=""Disney+"" streaming_service_badge=""App logos/AppLogo_DisneyPlus.png""","raw_title=""Bluey"" raw_query=""Bluey"" layer_series_title=""Bluey""",
tmdb_quality,2026-08-05 19:23:50,SUCCESS,Bluey,Bluey,Bluey,"app_name=""Disney+"" app_id=""com.disney.disneyplus"" streaming_service_label=""Disney+"" streaming_service_badge=""App logos/AppLogo_DisneyPlus.png""","raw_title=""Bluey"" raw_query=""Bluey"" layer_series_title=""Bluey""",
tmdb_quality,2026-08-05 19:30:41,SUCCESS,Bluey,Bluey,Bluey,"app_name=""Disney+"" app_id=""com.disney.disneyplus"" streaming_service_label=""Disney+"" streaming_service_badge=""App logos/AppLogo_DisneyPlus.png""","raw_title=""Bluey"" raw_query=""Bluey"" layer_series_title=""Bluey""",
tmdb_quality,2026-08-05 19:37:37,SUCCESS,Bluey,Bluey,Bluey,"app_name=""Disney+"" app_id=""com.disney.disneyplus"" streaming_service_label=""Disney+"" streaming_service_badge=""App logos/AppLogo_DisneyPlus.png""","raw_title=""Bluey"" raw_query=""Bluey"" layer_series_title=""Bluey""",
tmdb_quality,2026-08-05 20:18:30,SUCCESS,Hugo,Hugo,Hugo,"app_name=""TV"" app_id=""com.apple.TVWatchList"" streaming_service_label=""Apple TV"" streaming_service_badge=""App logos/AppLogo_AppleTV.png""","raw_title=""Hugo"" raw_query=""Hugo"" layer_series_title=""Hugo""",
tmdb_quality,2026-08-05 20:35:33,SUCCESS,Hugo,Hugo,Hugo,"app_name=""TV"" app_id=""com.apple.TVWatchList"" streaming_service_label=""Apple TV"" streaming_service_badge=""App logos/AppLogo_AppleTV.png""","raw_title=""Hugo"" raw_query=""Hugo"" layer_series_title=""Hugo""",
tmdb_quality,2026-08-05 20:37:58,SUCCESS,Hugo,Hugo,Hugo,"app_name=""TV"" app_id=""com.apple.TVWatchList"" streaming_service_label=""Apple TV"" streaming_service_badge=""App logos/AppLogo_AppleTV.png""","raw_title=""Hugo"" raw_query=""Hugo"" layer_series_title=""Hugo""",
tmdb_quality,2026-08-05 20:38:27,SUCCESS,Hugo,Hugo,Hugo,"app_name=""TV"" app_id=""com.apple.TVWatchList"" streaming_service_label=""Apple TV"" streaming_service_badge=""App logos/AppLogo_AppleTV.png""","raw_title=""Hugo"" raw_query=""Hugo"" layer_series_title=""Hugo""",
tmdb_quality,2026-08-05 20:40:17,SUCCESS,Hugo,Hugo,Hugo,"app_name=""TV"" app_id=""com.apple.TVWatchList"" streaming_service_label=""Apple TV"" streaming_service_badge=""App logos/AppLogo_AppleTV.png""","raw_title=""Hugo"" raw_query=""Hugo"" layer_series_title=""Hugo""",
tmdb_quality,2026-08-05 21:05:20,SUCCESS,Hugo,Hugo,Hugo,"app_name=""TV"" app_id=""com.apple.TVWatchList"" streaming_service_label=""Apple TV"" streaming_service_badge=""App logos/AppLogo_AppleTV.png""","raw_title=""Hugo"" raw_query=""Hugo"" layer_series_title=""Hugo""",
tmdb_quality,2026-08-05 21:12:19,SUCCESS,Hugo,Hugo,Hugo,"app_name=""TV"" app_id=""com.apple.TVWatchList"" streaming_service_label=""Apple TV"" streaming_service_badge=""App logos/AppLogo_AppleTV.png""","raw_title=""Hugo"" raw_query=""Hugo"" layer_series_title=""Hugo""",
tmdb_quality,2026-08-05 21:24:31,SUCCESS,Hugo,Hugo,Hugo,"app_name=""TV"" app_id=""com.apple.TVWatchList"" streaming_service_label=""Apple TV"" streaming_service_badge=""App logos/AppLogo_AppleTV.png""","raw_title=""Hugo"" raw_query=""Hugo"" layer_series_title=""Hugo""",
tmdb_quality,2026-08-05 21:28:04,SUCCESS,Hugo,Hugo,Hugo,"app_name=""TV"" app_id=""com.apple.TVWatchList"" streaming_service_label=""Apple TV"" streaming_service_badge=""App logos/AppLogo_AppleTV.png""","raw_title=""Hugo"" raw_query=""Hugo"" layer_series_title=""Hugo""",
tmdb_quality,2026-08-05 22:49:41,SUCCESS,Bluey,Bluey,Bluey,"app_name=""Disney+"" app_id=""com.disney.disneyplus"" streaming_service_label=""Disney+"" streaming_service_badge=""App logos/AppLogo_DisneyPlus.png""","raw_title=""Bluey"" raw_query=""Bluey"" layer_series_title=""Bluey""",
tmdb_quality,2026-08-10 21:35:29,SUCCESS,Bluey Compilations,Bluey Compilations,Bluey Compilations,"app_name=""Disney+"" app_id=""com.disney.disneyplus"" streaming_service_label=""Disney+"" streaming_service_badge=""App logos/AppLogo_DisneyPlus.png""","raw_title=""Bluey Compilations"" raw_query=""Bluey Compilations"" layer_series_title=""Bluey Compilations""",
tmdb_quality,2026-08-10 21:35:31,SUCCESS,Bluey Compilations,Bluey Compilations,Bluey Compilations,"app_name=""Disney+"" app_id=""com.disney.disneyplus"" streaming_service_label=""Disney+"" streaming_service_badge=""App logos/AppLogo_DisneyPlus.png""","raw_title=""Bluey Compilations"" raw_query=""Bluey Compilations"" layer_series_title=""Bluey Compilations""",
tmdb_quality,2026-08-10 21:35:35,SUCCESS,Bluey Compilations,Bluey Compilations,Bluey Compilations,"app_name=""Disney+"" app_id=""com.disney.disneyplus"" streaming_service_label=""Disney+"" streaming_service_badge=""App logos/AppLogo_DisneyPlus.png""","raw_title=""Bluey Compilations"" raw_query=""Bluey Compilations"" layer_series_title=""Bluey Compilations""",
tmdb_quality,2026-08-10 21:35:36,SUCCESS,Bluey Compilations,Bluey Compilations,Bluey Compilations,"app_name=""Disney+"" app_id=""com.disney.disneyplus"" streaming_service_label=""Disney+"" streaming_service_badge=""App logos/AppLogo_DisneyPlus.png""","raw_title=""Bluey Compilations"" raw_query=""Bluey Compilations"" layer_series_title=""Bluey Compilations""",
tmdb_quality,2026-08-10 21:49:00,SUCCESS,Bluey Compilations,Bluey Compilations,Bluey Compilations,"app_name=""Disney+"" app_id=""com.disney.disneyplus"" streaming_service_label=""Disney+"" streaming_service_badge=""App logos/AppLogo_DisneyPlus.png""","raw_title=""Bluey Compilations"" raw_query=""Bluey Compilations"" layer_series_title=""Bluey Compilations""",
tmdb_quality,2026-08-10 23:10:52,SUCCESS,Bluey Compilations,Bluey Compilations,Bluey Compilations,"app_name=""Disney+"" app_id=""com.disney.disneyplus"" streaming_service_label=""Disney+"" streaming_service_badge=""App logos/AppLogo_DisneyPlus.png""","raw_title=""Bluey Compilations"" raw_query=""Bluey Compilations"" layer_series_title=""Bluey Compilations""",
tmdb_quality,2026-08-10 23:22:09,SUCCESS,Bluey Compilations,Bluey Compilations,Bluey Compilations,"app_name=""Disney+"" app_id=""com.disney.disneyplus"" streaming_service_label=""Disney+"" streaming_service_badge=""App logos/AppLogo_DisneyPlus.png""","raw_title=""Bluey Compilations"" raw_query=""Bluey Compilations"" layer_series_title=""Bluey Compilations""",
tmdb_quality,2026-08-11 00:16:02,SUCCESS,Bluey Compilations,Bluey Compilations,Bluey Compilations,"app_name=""Disney+"" app_id=""com.disney.disneyplus"" streaming_service_label=""Disney+"" streaming_service_badge=""App logos/AppLogo_DisneyPlus.png""","raw_title=""Bluey Compilations"" raw_query=""Bluey Compilations"" layer_series_title=""Bluey Compilations""",
tmdb_quality,2026-08-11 00:40:13,SUCCESS,Bluey Compilations,Bluey Compilations,Bluey Compilations,"app_name=""Disney+"" app_id=""com.disney.disneyplus"" streaming_service_label=""Disney+"" streaming_service_badge=""App logos/AppLogo_DisneyPlus.png""","raw_title=""Bluey Compilations"" raw_query=""Bluey Compilations"" layer_series_title=""Bluey Compilations""",
tmdb_quality,2026-08-11 00:51:07,SUCCESS,Bluey Compilations,Bluey Compilations,Bluey Compilations,"app_name=""Disney+"" app_id=""com.disney.disneyplus"" streaming_service_label=""Disney+"" streaming_service_badge=""App logos/AppLogo_DisneyPlus.png""","raw_title=""Bluey Compilations"" raw_query=""Bluey Compilations"" layer_series_title=""Bluey Compilations""",
tmdb_quality,2026-08-11 06:39:39,SUCCESS,Bluey Compilations,Bluey Compilations,Bluey Compilations,"app_name=""Disney+"" app_id=""com.disney.disneyplus"" streaming_service_label=""Disney+"" streaming_service_badge=""App logos/AppLogo_DisneyPlus.png""","raw_title=""Bluey Compilations"" raw_query=""Bluey Compilations"" layer_series_title=""Bluey Compilations""",
tmdb_quality,2026-08-11 10:20:07,SUCCESS,Bluey Compilations,Bluey Compilations,Bluey Compilations,"app_name=""Disney+"" app_id=""com.disney.disneyplus"" streaming_service_label=""Disney+"" streaming_service_badge=""App logos/AppLogo_DisneyPlus.png""","raw_title=""Bluey Compilations"" raw_query=""Bluey Compilations"" layer_series_title=""Bluey Compilations""",
tmdb_quality,2026-08-11 10:27:22,SUCCESS,Bluey Compilations,Bluey Compilations,Bluey Compilations,"app_name=""Disney+"" app_id=""com.disney.disneyplus"" streaming_service_label=""Disney+"" streaming_service_badge=""App logos/AppLogo_DisneyPlus.png""","raw_title=""Bluey Compilations"" raw_query=""Bluey Compilations"" layer_series_title=""Bluey Compilations""",
tmdb_quality,2026-08-11 10:33:03,SUCCESS,Bluey Compilations,Bluey Compilations,Bluey Compilations,"app_name=""Disney+"" app_id=""com.disney.disneyplus"" streaming_service_label=""Disney+"" streaming_service_badge=""App logos/AppLogo_DisneyPlus.png""","raw_title=""Bluey Compilations"" raw_query=""Bluey Compilations"" layer_series_title=""Bluey Compilations""",
tmdb_quality,2026-08-11 10:34:18,SUCCESS,Bluey Compilations,Bluey Compilations,Bluey Compilations,"app_name=""Disney+"" app_id=""com.disney.disneyplus"" streaming_service_label=""Disney+"" streaming_service_badge=""App logos/AppLogo_DisneyPlus.png""","raw_title=""Bluey Compilations"" raw_query=""Bluey Compilations"" layer_series_title=""Bluey Compilations""",
tmdb_quality,2026-08-11 10:55:00,SUCCESS,A Bug's Life,A Bug's Life,A Bug's Life,"app_name=""TV"" app_id=""com.apple.TVWatchList"" streaming_service_label=""Apple TV"" streaming_service_badge=""App logos/AppLogo_AppleTV.png""","raw_title=""A Bug's Life"" raw_query=""A Bug's Life"" layer_series_title=""A Bug's Life""",
tmdb_quality,2026-08-11 11:06:55,SUCCESS,A Bug's Life,A Bug's Life,A Bug's Life,"app_name=""Disney+"" app_id=""com.disney.disneyplus"" streaming_service_label=""Disney+"" streaming_service_badge=""App logos/AppLogo_DisneyPlus.png""","raw_title=""A Bug's Life"" raw_query=""A Bug's Life"" layer_series_title=""A Bug's Life""",
tmdb_quality,2026-08-11 11:07:19,SUCCESS,A Bug's Life,A Bug's Life,A Bug's Life,"app_name=""Disney+"" app_id=""com.disney.disneyplus"" streaming_service_label=""Disney+"" streaming_service_badge=""App logos/AppLogo_DisneyPlus.png""","raw_title=""A Bug's Life"" raw_query=""A Bug's Life"" layer_series_title=""A Bug's Life""",
tmdb_quality,2026-08-15 01:43:34,SUCCESS,Taylor Swift_ Speak Now,Taylor Swift: Speak Now,Taylor Swift_ Speak Now,"app_name=""Disney+"" app_id=""com.disney.disneyplus"" streaming_service_label=""Disney+"" streaming_service_badge=""App logos/AppLogo_DisneyPlus.png""","raw_title=""TAYLOR SWIFT"" raw_query=""TAYLOR SWIFT"" layer_series_title=""TAYLOR SWIFT""",
tmdb_quality,2026-08-15 01:44:05,SUCCESS,Taylor Swift_ Speak Now,Taylor Swift: Speak Now,Taylor Swift_ Speak Now,"app_name=""Disney+"" app_id=""com.disney.disneyplus"" streaming_service_label=""Disney+"" streaming_service_badge=""App logos/AppLogo_DisneyPlus.png""","raw_title=""TAYLOR SWIFT"" raw_query=""TAYLOR SWIFT"" layer_series_title=""TAYLOR SWIFT""",
tmdb_quality,2026-08-15 01:51:48,SUCCESS,Who'll Stop the Rain,a= wows,Who'll Stop the Rain,"app_name=""Disney+"" app_id=""com.disney.disneyplus"" streaming_service_label=""Disney+"" streaming_service_badge=""App logos/AppLogo_DisneyPlus.png""","raw_title=""a= wows"" raw_query=""a= wows"" layer_series_title=""a= wows""",
tmdb_quality,2026-08-15 01:52:07,SUCCESS,Who'll Stop the Rain,“Sateen.,Who'll Stop the Rain,"app_name=""Disney+"" app_id=""com.disney.disneyplus"" streaming_service_label=""Disney+"" streaming_service_badge=""App logos/AppLogo_DisneyPlus.png""","raw_title=""“Sateen."" raw_query=""“Sateen."" layer_series_title=""“Sateen.""",
tmdb_quality,2026-08-15 01:53:45,SUCCESS,Send,Send,Send,"app_name=""Disney+"" app_id=""com.disney.disneyplus"" streaming_service_label=""Disney+"" streaming_service_badge=""App logos/AppLogo_DisneyPlus.png""","raw_title=""stew see Lagat"" raw_query=""stew see Lagat"" layer_series_title=""stew see Lagat""",
tmdb_quality,2026-08-15 01:54:08,SUCCESS,Send,Send,Send,"app_name=""Disney+"" app_id=""com.disney.disneyplus"" streaming_service_label=""Disney+"" streaming_service_badge=""App logos/AppLogo_DisneyPlus.png""","raw_title=""“Send"" raw_query=""“Send"" layer_series_title=""“Send""",
tmdb_quality,2026-08-15 01:54:48,SUCCESS,TAYLOR SWIFT _ THE ERAS TOUR,TAYLOR SWIFT | THE ERAS TOUR,TAYLOR SWIFT _ THE ERAS TOUR,"app_name=""Disney+"" app_id=""com.disney.disneyplus"" streaming_service_label=""Disney+"" streaming_service_badge=""App logos/AppLogo_DisneyPlus.png""","raw_title=""TAYLOR SWIFT THE ERAS TOUR"" raw_query=""TAYLOR SWIFT THE ERAS TOUR"" layer_series_title=""TAYLOR SWIFT THE ERAS TOUR""",
tmdb_quality,2026-08-15 01:57:54,SUCCESS,Taylor Swift _ The Eras Tour _ The Final Show,TAYLOR SWIFT THE ERAS TOUR THE FINAL SHOW it Shag,Taylor Swift _ The Eras Tour _ The Final Show,"app_name=""Disney+"" app_id=""com.disney.disneyplus"" streaming_service_label=""Disney+"" streaming_service_badge=""App logos/AppLogo_DisneyPlus.png""","raw_title=""TAYLOR SWIFT THE ERAS TOUR THE FINAL SHOW it Shag"" raw_query=""TAYLOR SWIFT THE ERAS TOUR THE FINAL SHOW it Shag"" layer_series_title=""TAYLOR SWIFT THE ERAS TOUR THE FINAL SHOW it Shag""",
tmdb_quality,2026-08-15 01:58:11,SUCCESS,Taylor Swift _ The Eras Tour _ The Final Show,TAYLOR SWIFT THE ERAS TOUR THE FINAL SHOW it Shag,Taylor Swift _ The Eras Tour _ The Final Show,"app_name=""Disney+"" app_id=""com.disney.disneyplus"" streaming_service_label=""Disney+"" streaming_service_badge=""App logos/AppLogo_DisneyPlus.png""","raw_title=""TAYLOR SWIFT THE ERAS TOUR THE FINAL SHOW it Shag"" raw_query=""TAYLOR SWIFT THE ERAS TOUR THE FINAL SHOW it Shag"" layer_series_title=""TAYLOR SWIFT THE ERAS TOUR THE FINAL SHOW it Shag""",
tmdb_quality,2026-08-15 02:00:54,SUCCESS,Taylor Swift _ The Eras Tour _ The Final Show,Taylor Swift | The Eras Tour | The Final Show,Taylor Swift _ The Eras Tour _ The Final Show,"app_name=""Disney+"" app_id=""com.disney.disneyplus"" streaming_service_label=""Disney+"" streaming_service_badge=""App logos/AppLogo_DisneyPlus.png""","raw_title=""TAYLOR SWIFT THE ERAS TOUR THE FINAL SHOW"" raw_query=""TAYLOR SWIFT THE ERAS TOUR THE FINAL SHOW"" layer_series_title=""TAYLOR SWIFT THE ERAS TOUR THE FINAL SHOW""",
tmdb_quality,2026-08-15 02:01:05,SUCCESS,Taylor Swift _ The Eras Tour _ The Final Show,Taylor Swift | The Eras Tour | The Final Show,Taylor Swift _ The Eras Tour _ The Final Show,"app_name=""Disney+"" app_id=""com.disney.disneyplus"" streaming_service_label=""Disney+"" streaming_service_badge=""App logos/AppLogo_DisneyPlus.png""","raw_title=""TAYLOR SWIFT THE ERAS TOUR THE FINAL SHOW"" raw_query=""TAYLOR SWIFT THE ERAS TOUR THE FINAL SHOW"" layer_series_title=""TAYLOR SWIFT THE ERAS TOUR THE FINAL SHOW""",
tmdb_quality,2026-08-15 02:04:07,SUCCESS,Taylor Swift _ The Eras Tour _ The Final Show,THE FINAL TAYLOR SWIFT THE ERAS TOUR,Taylor Swift _ The Eras Tour _ The Final Show,"app_name=""Disney+"" app_id=""com.disney.disneyplus"" streaming_service_label=""Disney+"" streaming_service_badge=""App logos/AppLogo_DisneyPlus.png""","raw_title=""THE FINAL TAYLOR SWIFT THE ERAS TOUR"" raw_query=""THE FINAL TAYLOR SWIFT THE ERAS TOUR"" layer_series_title=""THE FINAL TAYLOR SWIFT THE ERAS TOUR""",
tmdb_quality,2026-08-15 02:04:15,SUCCESS,Taylor Swift _ The Eras Tour _ The Final Show,THE FINAL TAYLOR SWIFT THE ERAS TOUR,Taylor Swift _ The Eras Tour _ The Final Show,"app_name=""Disney+"" app_id=""com.disney.disneyplus"" streaming_service_label=""Disney+"" streaming_service_badge=""App logos/AppLogo_DisneyPlus.png""","raw_title=""THE FINAL TAYLOR SWIFT THE ERAS TOUR"" raw_query=""THE FINAL TAYLOR SWIFT THE ERAS TOUR"" layer_series_title=""THE FINAL TAYLOR SWIFT THE ERAS TOUR""",
tmdb_quality,2026-08-15 02:04:29,SUCCESS,Taylor Swift _ The Eras Tour _ The Final Show,Taylor Swift | The Eras Tour | The Final Show,Taylor Swift _ The Eras Tour _ The Final Show,"app_name=""Disney+"" app_id=""com.disney.disneyplus"" streaming_service_label=""Disney+"" streaming_service_badge=""App logos/AppLogo_DisneyPlus.png""","raw_title=""TAYLOR SWIFT THE ERAS TOUR THE FINAL SHOW it Shag"" raw_query=""TAYLOR SWIFT THE ERAS TOUR THE FINAL SHOW it Shag"" layer_series_title=""TAYLOR SWIFT THE ERAS TOUR THE FINAL SHOW it Shag""",
tmdb_quality,2026-08-15 02:04:43,SUCCESS,Taylor Swift _ The Eras Tour _ The Final Show,Taylor Swift | The Eras Tour | The Final Show,Taylor Swift _ The Eras Tour _ The Final Show,"app_name=""Disney+"" app_id=""com.disney.disneyplus"" streaming_service_label=""Disney+"" streaming_service_badge=""App logos/AppLogo_DisneyPlus.png""","raw_title=""TAYLOR SWIFT THE ERAS TOUR THE FINAL SHOW"" raw_query=""TAYLOR SWIFT THE ERAS TOUR THE FINAL SHOW"" layer_series_title=""TAYLOR SWIFT THE ERAS TOUR THE FINAL SHOW""",
tmdb_quality,2026-08-15 02:05:00,SUCCESS,Taylor Swift _ The Eras Tour _ The Final Show,THE FINAL TAYLOR SWIFT THE ERAS TOUR,Taylor Swift _ The Eras Tour _ The Final Show,"app_name=""Disney+"" app_id=""com.disney.disneyplus"" streaming_service_label=""Disney+"" streaming_service_badge=""App logos/AppLogo_DisneyPlus.png""","raw_title=""THE FINAL TAYLOR SWIFT THE ERAS TOUR"" raw_query=""THE FINAL TAYLOR SWIFT THE ERAS TOUR"" layer_series_title=""THE FINAL TAYLOR SWIFT THE ERAS TOUR""",
tmdb_quality,2026-08-15 02:05:20,SUCCESS,Taylor Swift _ The Eras Tour _ The Final Show,TAYLOR SWIFT THE ERAS TOUR THE FINAL SHOW péDolby Atmos) CC the Shey,Taylor Swift _ The Eras Tour _ The Final Show,"app_name=""Disney+"" app_id=""com.disney.disneyplus"" streaming_service_label=""Disney+"" streaming_service_badge=""App logos/AppLogo_DisneyPlus.png""","raw_title=""TAYLOR SWIFT THE ERAS TOUR THE FINAL SHOW péDolby Atmos) CC the Shey"" raw_query=""TAYLOR SWIFT THE ERAS TOUR THE FINAL SHOW péDolby Atmos) CC the Shey"" layer_series_title=""TAYLOR SWIFT THE ERAS TOUR THE FINAL SHOW péDolby Atmos) CC the Shey""",
tmdb_quality,2026-08-15 02:05:54,SUCCESS,Taylor Swift _ The Eras Tour _ The Final Show,TAYLOR SWIFT THE ERAS TOUR THE FINAL SHOW it Shag,Taylor Swift _ The Eras Tour _ The Final Show,"app_name=""Disney+"" app_id=""com.disney.disneyplus"" streaming_service_label=""Disney+"" streaming_service_badge=""App logos/AppLogo_DisneyPlus.png""","raw_title=""TAYLOR SWIFT THE ERAS TOUR THE FINAL SHOW it Shag"" raw_query=""TAYLOR SWIFT THE ERAS TOUR THE FINAL SHOW it Shag"" layer_series_title=""TAYLOR SWIFT THE ERAS TOUR THE FINAL SHOW it Shag""",
tmdb_quality,2026-08-15 02:10:15,SUCCESS,Taylor Swift _ The Eras Tour _ The Final Show,Taylor Swift | The Eras Tour | The Final Show,Taylor Swift _ The Eras Tour _ The Final Show,"app_name=""Disney+"" app_id=""com.disney.disneyplus"" streaming_service_label=""Disney+"" streaming_service_badge=""App logos/AppLogo_DisneyPlus.png""","raw_title=""TAYLOR SWIFT THE ERAS TOUR THE FINAL SHOW"" raw_query=""TAYLOR SWIFT THE ERAS TOUR THE FINAL SHOW"" layer_series_title=""TAYLOR SWIFT THE ERAS TOUR THE FINAL SHOW""",
tmdb_quality,2026-08-15 02:10:22,SUCCESS,Taylor Swift _ The Eras Tour _ The Final Show,Taylor Swift | The Eras Tour | The Final Show,Taylor Swift _ The Eras Tour _ The Final Show,"app_name=""Disney+"" app_id=""com.disney.disneyplus"" streaming_service_label=""Disney+"" streaming_service_badge=""App logos/AppLogo_DisneyPlus.png""","raw_title=""TAYLOR SWIFT THE ERAS TOUR THE FINAL SHOW"" raw_query=""TAYLOR SWIFT THE ERAS TOUR THE FINAL SHOW"" layer_series_title=""TAYLOR SWIFT THE ERAS TOUR THE FINAL SHOW""",
tmdb_quality,2026-08-15 02:12:43,SUCCESS,Taylor Swift _ The Eras Tour _ The Final Show,Taylor Swift | The Eras Tour | The Final Show,Taylor Swift _ The Eras Tour _ The Final Show,"app_name=""Disney+"" app_id=""com.disney.disneyplus"" streaming_service_label=""Disney+"" streaming_service_badge=""App logos/AppLogo_DisneyPlus.png""","raw_title=""Taylor Swift | The Eras Tour | The Final Show"" raw_query=""Taylor Swift | The Eras Tour | The Final Show"" layer_series_title=""Taylor Swift | The Eras Tour | The Final Show""",
tmdb_quality,2026-08-15 02:39:54,SUCCESS,Taylor Swift _ The Eras Tour _ The Final Show,Taylor Swift | The Eras Tour | The Final Show,Taylor Swift _ The Eras Tour _ The Final Show,"app_name=""Disney+"" app_id=""com.disney.disneyplus"" streaming_service_label=""Disney+"" streaming_service_badge=""App logos/AppLogo_DisneyPlus.png""","raw_title=""Taylor Swift | The Eras Tour | The Final Show"" raw_query=""Taylor Swift | The Eras Tour | The Final Show"" layer_series_title=""Taylor Swift | The Eras Tour | The Final Show""",
tmdb_quality,2026-08-15 02:44:42,SUCCESS,Taylor Swift _ The Eras Tour _ The Final Show,Taylor Swift | The Eras Tour | The Final Show,Taylor Swift _ The Eras Tour _ The Final Show,"app_name=""Disney+"" app_id=""com.disney.disneyplus"" streaming_service_label=""Disney+"" streaming_service_badge=""App logos/AppLogo_DisneyPlus.png""","raw_title=""Taylor Swift | The Eras Tour | The Final Show"" raw_query=""Taylor Swift | The Eras Tour | The Final Show"" layer_series_title=""Taylor Swift | The Eras Tour | The Final Show""",
tmdb_quality,2026-08-15 02:52:09,SUCCESS,Taylor Swift _ The Eras Tour _ The Final Show,Taylor Swift | The Eras Tour | The Final Show,Taylor Swift _ The Eras Tour _ The Final Show,"app_name=""Disney+"" app_id=""com.disney.disneyplus"" streaming_service_label=""Disney+"" streaming_service_badge=""App logos/AppLogo_DisneyPlus.png""","raw_title=""Taylor Swift | The Eras Tour | The Final Show"" raw_query=""Taylor Swift | The Eras Tour | The Final Show"" layer_series_title=""Taylor Swift | The Eras Tour | The Final Show""",
tmdb_quality,2026-08-15 02:57:27,SUCCESS,Taylor Swift _ The Eras Tour _ The Final Show,Taylor Swift | The Eras Tour | The Final Show,Taylor Swift _ The Eras Tour _ The Final Show,"app_name=""Disney+"" app_id=""com.disney.disneyplus"" streaming_service_label=""Disney+"" streaming_service_badge=""App logos/AppLogo_DisneyPlus.png""","raw_title=""Taylor Swift | The Eras Tour | The Final Show"" raw_query=""Taylor Swift | The Eras Tour | The Final Show"" layer_series_title=""Taylor Swift | The Eras Tour | The Final Show""",
tmdb_quality,2026-08-15 11:01:02,SUCCESS,Bluey Compilations,Bluey Compilations,Bluey Compilations,"app_name=""Disney+"" app_id=""com.disney.disneyplus"" streaming_service_label=""Disney+"" streaming_service_badge=""App logos/AppLogo_DisneyPlus.png""","raw_title=""Bluey Compilations"" raw_query=""Bluey Compilations"" layer_series_title=""Bluey Compilations""",
tmdb_quality,2026-08-15 11:21:57,SUCCESS,Bluey Compilations,Bluey Compilations,Bluey Compilations,"app_name=""Disney+"" app_id=""com.disney.disneyplus"" streaming_service_label=""Disney+"" streaming_service_badge=""App logos/AppLogo_DisneyPlus.png""","raw_title=""Bluey Compilations"" raw_query=""Bluey Compilations"" layer_series_title=""Bluey Compilations""",
tmdb_quality,2026-08-15 21:21:44,SUCCESS,Toy Story 4,Toy Story 4,Toy Story 4,"app_name=""Disney+"" app_id=""com.disney.disneyplus"" streaming_service_label=""Disney+"" streaming_service_badge=""App logos/AppLogo_DisneyPlus.png""","raw_title=""Toy Story 4"" raw_query=""Toy Story 4"" layer_series_title=""Toy Story 4""",
tmdb_quality,2026-08-15 22:33:02,SUCCESS,Toy Story 4,Toy Story 4,Toy Story 4,"app_name=""Disney+"" app_id=""com.disney.disneyplus"" streaming_service_label=""Disney+"" streaming_service_badge=""App logos/AppLogo_DisneyPlus.png""","raw_title=""Toy Story 4"" raw_query=""Toy Story 4"" layer_series_title=""Toy Story 4""",
tmdb_quality,2026-08-16 11:06:56,SUCCESS,Bluey Minisodes,Bluey Minisodes,Bluey Minisodes,"app_name=""Disney+"" app_id=""com.disney.disneyplus"" streaming_service_label=""Disney+"" streaming_service_badge=""App logos/AppLogo_DisneyPlus.png""","raw_title=""Bluey Minisodes"" raw_query=""Bluey Minisodes"" layer_series_title=""Bluey Minisodes""",
tmdb_quality,2026-08-16 11:07:00,SUCCESS,Bluey Minisodes,Bluey Minisodes,Bluey Minisodes,"app_name=""Disney+"" app_id=""com.disney.disneyplus"" streaming_service_label=""Disney+"" streaming_service_badge=""App logos/AppLogo_DisneyPlus.png""","raw_title=""Bluey Minisodes"" raw_query=""Bluey Minisodes"" layer_series_title=""Bluey Minisodes""",
tmdb_quality,2026-08-16 11:08:47,SUCCESS,Bluey Minisodes,Bluey Minisodes,Bluey Minisodes,"app_name=""Disney+"" app_id=""com.disney.disneyplus"" streaming_service_label=""Disney+"" streaming_service_badge=""App logos/AppLogo_DisneyPlus.png""","raw_title=""Bluey Minisodes"" raw_query=""Bluey Minisodes"" layer_series_title=""Bluey Minisodes""",
tmdb_quality,2026-08-16 11:08:50,SUCCESS,Bluey Minisodes,Bluey Minisodes,Bluey Minisodes,"app_name=""Disney+"" app_id=""com.disney.disneyplus"" streaming_service_label=""Disney+"" streaming_service_badge=""App logos/AppLogo_DisneyPlus.png""","raw_title=""Bluey Minisodes"" raw_query=""Bluey Minisodes"" layer_series_title=""Bluey Minisodes""",
tmdb_quality,2026-08-16 11:11:20,SUCCESS,Bluey Minisodes,Bluey Minisodes,Bluey Minisodes,"app_name=""Disney+"" app_id=""com.disney.disneyplus"" streaming_service_label=""Disney+"" streaming_service_badge=""App logos/AppLogo_DisneyPlus.png""","raw_title=""Bluey Minisodes"" raw_query=""Bluey Minisodes"" layer_series_title=""Bluey Minisodes""",
tmdb_quality,2026-08-16 11:11:21,SUCCESS,Bluey Minisodes,Bluey Minisodes,Bluey Minisodes,"app_name=""Disney+"" app_id=""com.disney.disneyplus"" streaming_service_label=""Disney+"" streaming_service_badge=""App logos/AppLogo_DisneyPlus.png""","raw_title=""Bluey Minisodes"" raw_query=""Bluey Minisodes"" layer_series_title=""Bluey Minisodes""",
tmdb_quality,2026-08-16 11:13:39,SUCCESS,Bluey Minisodes,Bluey Minisodes,Bluey Minisodes,"app_name=""Disney+"" app_id=""com.disney.disneyplus"" streaming_service_label=""Disney+"" streaming_service_badge=""App logos/AppLogo_DisneyPlus.png""","raw_title=""Bluey Minisodes"" raw_query=""Bluey Minisodes"" layer_series_title=""Bluey Minisodes""",
tmdb_quality,2026-08-16 11:13:40,SUCCESS,Bluey Minisodes,Bluey Minisodes,Bluey Minisodes,"app_name=""Disney+"" app_id=""com.disney.disneyplus"" streaming_service_label=""Disney+"" streaming_service_badge=""App logos/AppLogo_DisneyPlus.png""","raw_title=""Bluey Minisodes"" raw_query=""Bluey Minisodes"" layer_series_title=""Bluey Minisodes""",
tmdb_quality,2026-08-16 11:15:23,SUCCESS,Bluey Minisodes,Bluey Minisodes,Bluey Minisodes,"app_name=""Disney+"" app_id=""com.disney.disneyplus"" streaming_service_label=""Disney+"" streaming_service_badge=""App logos/AppLogo_DisneyPlus.png""","raw_title=""Bluey Minisodes"" raw_query=""Bluey Minisodes"" layer_series_title=""Bluey Minisodes""",
tmdb_quality,2026-08-16 11:15:24,SUCCESS,Bluey Minisodes,Bluey Minisodes,Bluey Minisodes,"app_name=""Disney+"" app_id=""com.disney.disneyplus"" streaming_service_label=""Disney+"" streaming_service_badge=""App logos/AppLogo_DisneyPlus.png""","raw_title=""Bluey Minisodes"" raw_query=""Bluey Minisodes"" layer_series_title=""Bluey Minisodes""",
tmdb_quality,2026-08-16 11:17:50,SUCCESS,Bluey Minisodes,Bluey Minisodes,Bluey Minisodes,"app_name=""Disney+"" app_id=""com.disney.disneyplus"" streaming_service_label=""Disney+"" streaming_service_badge=""App logos/AppLogo_DisneyPlus.png""","raw_title=""Bluey Minisodes"" raw_query=""Bluey Minisodes"" layer_series_title=""Bluey Minisodes""",
tmdb_quality,2026-08-16 11:17:57,SUCCESS,Bluey Minisodes,Bluey Minisodes,Bluey Minisodes,"app_name=""Disney+"" app_id=""com.disney.disneyplus"" streaming_service_label=""Disney+"" streaming_service_badge=""App logos/AppLogo_DisneyPlus.png""","raw_title=""Bluey Minisodes"" raw_query=""Bluey Minisodes"" layer_series_title=""Bluey Minisodes""",
tmdb_quality,2026-08-16 11:18:02,SUCCESS,Bluey Minisodes,Bluey Minisodes,Bluey Minisodes,"app_name=""Disney+"" app_id=""com.disney.disneyplus"" streaming_service_label=""Disney+"" streaming_service_badge=""App logos/AppLogo_DisneyPlus.png""","raw_title=""Bluey Minisodes"" raw_query=""Bluey Minisodes"" layer_series_title=""Bluey Minisodes""",
tmdb_quality,2026-08-16 11:18:03,SUCCESS,Bluey Minisodes,Bluey Minisodes,Bluey Minisodes,"app_name=""Disney+"" app_id=""com.disney.disneyplus"" streaming_service_label=""Disney+"" streaming_service_badge=""App logos/AppLogo_DisneyPlus.png""","raw_title=""Bluey Minisodes"" raw_query=""Bluey Minisodes"" layer_series_title=""Bluey Minisodes""",
tmdb_quality,2026-08-16 11:19:26,SUCCESS,Bluey Minisodes,Bluey Minisodes,Bluey Minisodes,"app_name=""Disney+"" app_id=""com.disney.disneyplus"" streaming_service_label=""Disney+"" streaming_service_badge=""App logos/AppLogo_DisneyPlus.png""","raw_title=""Bluey Minisodes"" raw_query=""Bluey Minisodes"" layer_series_title=""Bluey Minisodes""",
tmdb_quality,2026-08-16 11:19:26,SUCCESS,Bluey Minisodes,Bluey Minisodes,Bluey Minisodes,"app_name=""Disney+"" app_id=""com.disney.disneyplus"" streaming_service_label=""Disney+"" streaming_service_badge=""App logos/AppLogo_DisneyPlus.png""","raw_title=""Bluey Minisodes"" raw_query=""Bluey Minisodes"" layer_series_title=""Bluey Minisodes""",
tmdb_quality,2026-08-16 11:21:14,SUCCESS,Bluey Minisodes,Bluey Minisodes,Bluey Minisodes,"app_name=""Disney+"" app_id=""com.disney.disneyplus"" streaming_service_label=""Disney+"" streaming_service_badge=""App logos/AppLogo_DisneyPlus.png""","raw_title=""Bluey Minisodes"" raw_query=""Bluey Minisodes"" layer_series_title=""Bluey Minisodes""",
tmdb_quality,2026-08-16 11:21:14,SUCCESS,Bluey Minisodes,Bluey Minisodes,Bluey Minisodes,"app_name=""Disney+"" app_id=""com.disney.disneyplus"" streaming_service_label=""Disney+"" streaming_service_badge=""App logos/AppLogo_DisneyPlus.png""","raw_title=""Bluey Minisodes"" raw_query=""Bluey Minisodes"" layer_series_title=""Bluey Minisodes""",
tmdb_quality,2026-08-16 12:13:15,SUCCESS,Bluey Compilations,Bluey Compilations,Bluey Compilations,"app_name=""Disney+"" app_id=""com.disney.disneyplus"" streaming_service_label=""Disney+"" streaming_service_badge=""App logos/AppLogo_DisneyPlus.png""","raw_title=""Bluey Compilations"" raw_query=""Bluey Compilations"" layer_series_title=""Bluey Compilations""",
tmdb_quality,2026-08-16 12:13:21,SUCCESS,Bluey Compilations,Bluey Compilations,Bluey Compilations,"app_name=""Disney+"" app_id=""com.disney.disneyplus"" streaming_service_label=""Disney+"" streaming_service_badge=""App logos/AppLogo_DisneyPlus.png""","raw_title=""Bluey Compilations"" raw_query=""Bluey Compilations"" layer_series_title=""Bluey Compilations""",
tmdb_quality,2026-08-16 14:38:16,SUCCESS,Luca,Luca,Luca,"app_name=""Disney+"" app_id=""com.disney.disneyplus"" streaming_service_label=""Disney+"" streaming_service_badge=""App logos/AppLogo_DisneyPlus.png""","raw_title=""Luca"" raw_query=""Luca"" layer_series_title=""Luca""",
tmdb_quality,2026-08-16 14:38:29,SUCCESS,Luca,Luca,Luca,"app_name=""Disney+"" app_id=""com.disney.disneyplus"" streaming_service_label=""Disney+"" streaming_service_badge=""App logos/AppLogo_DisneyPlus.png""","raw_title=""Luca"" raw_query=""Luca"" layer_series_title=""Luca""",
tmdb_quality,2026-08-16 17:49:00,SUCCESS,Pinkalicious & Peterrific,The Sand Palace/Zoo Day,Pinkalicious & Peterrific,"app_name=""PBS KIDS"" app_id=""org.pbskids.ipadplayer"" streaming_service_label=""PBS Kids"" streaming_service_badge=""App logos/AppLogo_PBSKids.svg""","raw_title=""The Sand Palace/Zoo Day"" raw_query=""The Sand Palace/Zoo Day"" layer_series_title=""The Sand Palace/Zoo Day""",
tmdb_quality,2026-08-16 17:49:00,SUCCESS,Pinkalicious & Peterrific,The Sand Palace/Zoo Day,Pinkalicious & Peterrific,"app_name=""PBS KIDS"" app_id=""org.pbskids.ipadplayer"" streaming_service_label=""PBS Kids"" streaming_service_badge=""App logos/AppLogo_PBSKids.svg""","raw_title=""The Sand Palace/Zoo Day"" raw_query=""The Sand Palace/Zoo Day"" layer_series_title=""The Sand Palace/Zoo Day""",
tmdb_quality,2026-08-16 18:13:33,SUCCESS,Pinkalicious & Peterrific,Mr. Socko/A Pinkapurrfect Pet,Pinkalicious & Peterrific,"app_name=""PBS KIDS"" app_id=""org.pbskids.ipadplayer"" streaming_service_label=""PBS Kids"" streaming_service_badge=""App logos/AppLogo_PBSKids.svg""","raw_title=""Mr. Socko/A Pinkapurrfect Pet"" raw_query=""Mr. Socko/A Pinkapurrfect Pet"" layer_series_title=""Mr. Socko/A Pinkapurrfect Pet""",
tmdb_quality,2026-08-16 18:13:38,SUCCESS,Pinkalicious & Peterrific,Mr. Socko/A Pinkapurrfect Pet,Pinkalicious & Peterrific,"app_name=""PBS KIDS"" app_id=""org.pbskids.ipadplayer"" streaming_service_label=""PBS Kids"" streaming_service_badge=""App logos/AppLogo_PBSKids.svg""","raw_title=""Mr. Socko/A Pinkapurrfect Pet"" raw_query=""Mr. Socko/A Pinkapurrfect Pet"" layer_series_title=""Mr. Socko/A Pinkapurrfect Pet""",
tmdb_quality,2026-08-16 18:42:19,SUCCESS,Pinkalicious & Peterrific,Butterfly Garden Party/Animal Dance,Pinkalicious & Peterrific,"app_name=""PBS KIDS"" app_id=""org.pbskids.ipadplayer"" streaming_service_label=""PBS Kids"" streaming_service_badge=""App logos/AppLogo_PBSKids.svg""","raw_title=""Butterfly Garden Party/Animal Dance"" raw_query=""Butterfly Garden Party/Animal Dance"" layer_series_title=""Butterfly Garden Party/Animal Dance""",
tmdb_quality,2026-08-16 18:42:23,SUCCESS,Pinkalicious & Peterrific,Butterfly Garden Party/Animal Dance,Pinkalicious & Peterrific,"app_name=""PBS KIDS"" app_id=""org.pbskids.ipadplayer"" streaming_service_label=""PBS Kids"" streaming_service_badge=""App logos/AppLogo_PBSKids.svg""","raw_title=""Butterfly Garden Party/Animal Dance"" raw_query=""Butterfly Garden Party/Animal Dance"" layer_series_title=""Butterfly Garden Party/Animal Dance""",
tmdb_quality,2026-08-17 23:49:37,SUCCESS,Taylor Swift _ The Eras Tour _ The Final Show,Taylor Swift | The Eras Tour | The Final Show,Taylor Swift _ The Eras Tour _ The Final Show,"app_name=""Disney+"" app_id=""com.disney.disneyplus"" streaming_service_label=""Disney+"" streaming_service_badge=""App logos/AppLogo_DisneyPlus.png""","raw_title=""Taylor Swift | The Eras Tour | The Final Show"" raw_query=""Taylor Swift | The Eras Tour | The Final Show"" layer_series_title=""Taylor Swift | The Eras Tour | The Final Show""",
tmdb_quality,2026-08-17 23:57:02,SUCCESS,Taylor Swift _ The Eras Tour _ The Final Show,Taylor Swift | The Eras Tour | The Final Show,Taylor Swift _ The Eras Tour _ The Final Show,"app_name=""Disney+"" app_id=""com.disney.disneyplus"" streaming_service_label=""Disney+"" streaming_service_badge=""App logos/AppLogo_DisneyPlus.png""","raw_title=""TAYLOR SWIFT THE ERAS TOUR THE FINAL SHOW"" raw_query=""TAYLOR SWIFT THE ERAS TOUR THE FINAL SHOW"" layer_series_title=""TAYLOR SWIFT THE ERAS TOUR THE FINAL SHOW""",
tmdb_quality,2026-08-17 23:58:24,SUCCESS,Pokémon the Movie 2000,Pokémon the Movie 2000,Pokémon the Movie 2000,"app_name=""Disney+"" app_id=""com.disney.disneyplus"" streaming_service_label=""Disney+"" streaming_service_badge=""App logos/AppLogo_DisneyPlus.png""","raw_title=""Pokémon the Movie: Hoopa Q Search Recently Searched 6 vite mr Hugo There's No Place Like “and and the Clash of Ages"" raw_query=""Pokémon the Movie: Hoopa Q Search Recently Searched 6 vite mr Hugo There's No Place Like “and and the Clash of Ages"" layer_series_title=""Pokémon the Movie: Hoopa Q Search Recently Searched 6 vite mr Hugo There's No Place Like “and and the Clash of Ages""",
tmdb_quality,2026-08-17 23:58:57,SUCCESS,Freddy vs. Jason,Jason 11:58PM Q Search «tv atv etv Apple TV Formula 1 sday day Ve asset a Store ‘ports ports Library Channels Apps,Freddy vs. Jason,"app_name=""Disney+"" app_id=""com.disney.disneyplus"" streaming_service_label=""Disney+"" streaming_service_badge=""App logos/AppLogo_DisneyPlus.png""","raw_title=""Jason 11:58PM Q Search «tv atv etv Apple TV Formula 1 sday day Ve asset a Store ‘ports ports Library Channels Apps"" raw_query=""Jason 11:58PM Q Search «tv atv etv Apple TV Formula 1 sday day Ve asset a Store ‘ports ports Library Channels Apps"" layer_series_title=""Jason 11:58PM Q Search «tv atv etv Apple TV Formula 1 sday day Ve asset a Store ‘ports ports Library Channels Apps""",
tmdb_quality,2026-08-17 23:59:15,SUCCESS,Freddy vs. Jason,Jason 11:58PM Q Search Formula 1 sday day ports rts Library Channels Apps,Freddy vs. Jason,"app_name=""Disney+"" app_id=""com.disney.disneyplus"" streaming_service_label=""Disney+"" streaming_service_badge=""App logos/AppLogo_DisneyPlus.png""","raw_title=""Jason 11:58PM Q Search Formula 1 sday day ports rts Library Channels Apps"" raw_query=""Jason 11:58PM Q Search Formula 1 sday day ports rts Library Channels Apps"" layer_series_title=""Jason 11:58PM Q Search Formula 1 sday day ports rts Library Channels Apps""",
tmdb_quality,2026-08-18 00:08:47,SUCCESS,Taylor Swift _ The Eras Tour _ The Final Show,Taylor Swift | The Eras Tour | The Final Show,Taylor Swift _ The Eras Tour _ The Final Show,"app_name=""Disney+"" app_id=""com.disney.disneyplus"" streaming_service_label=""Disney+"" streaming_service_badge=""App logos/AppLogo_DisneyPlus.png""","raw_title=""Taylor Swift | The Eras Tour | The Final Show"" raw_query=""Taylor Swift | The Eras Tour | The Final Show"" layer_series_title=""Taylor Swift | The Eras Tour | The Final Show""",
tmdb_quality,2026-08-18 00:20:12,SUCCESS,Telethon,Telethon,Telethon,"app_name=""Peacock"" app_id=""com.peacocktv.peacock"" streaming_service_label=""Peacock"" streaming_service_badge=""App logos/AppLogo_Peacock.png""","raw_title=""Telethon"" raw_query=""Telethon"" layer_series_title=""Telethon""",
tmdb_quality,2026-08-18 00:25:31,SUCCESS,The Big Bang Theory,The Big Bang Theory,The Big Bang Theory,"app_name=""HBO Max"" app_id=""com.wbd.stream"" streaming_service_label=""Max"" streaming_service_badge=""App logos/AppLogo_HBOMax.png""","raw_title=""The Higgs Boson Observation"" raw_query=""The Big Bang Theory"" layer_series_title=""The Higgs Boson Observation""",
tmdb_quality,2026-08-18 00:25:32,SUCCESS,The Big Bang Theory,The Big Bang Theory,The Big Bang Theory,"app_name=""HBO Max"" app_id=""com.wbd.stream"" streaming_service_label=""Max"" streaming_service_badge=""App logos/AppLogo_HBOMax.png""","raw_title=""The Higgs Boson Observation"" raw_query=""The Big Bang Theory"" layer_series_title=""The Higgs Boson Observation""",
tmdb_quality,2026-08-18 00:25:42,SUCCESS,The Big Bang Theory,The Big Bang Theory,The Big Bang Theory,"app_name=""HBO Max"" app_id=""com.wbd.stream"" streaming_service_label=""Max"" streaming_service_badge=""App logos/AppLogo_HBOMax.png""","raw_title=""The Higgs Boson Observation"" raw_query=""The Big Bang Theory"" layer_series_title=""The Higgs Boson Observation""",
tmdb_quality,2026-08-18 00:28:52,SUCCESS,The Big Bang Theory,The Big Bang Theory,The Big Bang Theory,"app_name=""HBO Max"" app_id=""com.wbd.stream"" streaming_service_label=""Max"" streaming_service_badge=""App logos/AppLogo_HBOMax.png""","raw_title=""The Higgs Boson Observation"" raw_query=""The Big Bang Theory"" layer_series_title=""The Higgs Boson Observation""",
tmdb_quality,2026-08-18 00:55:28,SUCCESS,"Life, Larry and the Pursuit of Unhappiness_ An Almost History of America","Life, Larry and the Pursuit of Unhappiness: An Almost History of America","Life, Larry and the Pursuit of Unhappiness_ An Almost History of America","app_name=""HBO Max"" app_id=""com.wbd.stream"" streaming_service_label=""Max"" streaming_service_badge=""App logos/AppLogo_HBOMax.png""","raw_title=""Livingston"" raw_query=""Life, Larry, and the Pursuit of Unhappiness: An Almost History of America"" layer_series_title=""Livingston""",
tmdb_quality,2026-08-18 00:55:34,SUCCESS,"Life, Larry and the Pursuit of Unhappiness_ An Almost History of America","Life, Larry and the Pursuit of Unhappiness: An Almost History of America","Life, Larry and the Pursuit of Unhappiness_ An Almost History of America","app_name=""HBO Max"" app_id=""com.wbd.stream"" streaming_service_label=""Max"" streaming_service_badge=""App logos/AppLogo_HBOMax.png""","raw_title=""Livingston"" raw_query=""Life, Larry, and the Pursuit of Unhappiness: An Almost History of America"" layer_series_title=""Livingston""",
tmdb_quality,2026-08-18 00:55:41,SUCCESS,"Life, Larry and the Pursuit of Unhappiness_ An Almost History of America","Life, Larry and the Pursuit of Unhappiness: An Almost History of America","Life, Larry and the Pursuit of Unhappiness_ An Almost History of America","app_name=""HBO Max"" app_id=""com.wbd.stream"" streaming_service_label=""Max"" streaming_service_badge=""App logos/AppLogo_HBOMax.png""","raw_title=""Livingston"" raw_query=""Life, Larry, and the Pursuit of Unhappiness: An Almost History of America"" layer_series_title=""Livingston""",
tmdb_quality,2026-08-18 00:58:10,SUCCESS,"Life, Larry and the Pursuit of Unhappiness_ An Almost History of America","Life, Larry and the Pursuit of Unhappiness: An Almost History of America","Life, Larry and the Pursuit of Unhappiness_ An Almost History of America","app_name=""HBO Max"" app_id=""com.wbd.stream"" streaming_service_label=""Max"" streaming_service_badge=""App logos/AppLogo_HBOMax.png""","raw_title=""Livingston"" raw_query=""Life, Larry, and the Pursuit of Unhappiness: An Almost History of America"" layer_series_title=""Livingston""",
tmdb_quality,2026-08-18 01:00:26,SUCCESS,"Life, Larry and the Pursuit of Unhappiness_ An Almost History of America","Life, Larry and the Pursuit of Unhappiness: An Almost History of America","Life, Larry and the Pursuit of Unhappiness_ An Almost History of America","app_name=""HBO Max"" app_id=""com.wbd.stream"" streaming_service_label=""Max"" streaming_service_badge=""App logos/AppLogo_HBOMax.png""","raw_title=""Livingston"" raw_query=""Life, Larry, and the Pursuit of Unhappiness: An Almost History of America"" layer_series_title=""Livingston""",
tmdb_quality,2026-08-18 01:02:39,SUCCESS,"Life, Larry and the Pursuit of Unhappiness_ An Almost History of America","Life, Larry and the Pursuit of Unhappiness: An Almost History of America","Life, Larry and the Pursuit of Unhappiness_ An Almost History of America","app_name=""HBO Max"" app_id=""com.wbd.stream"" streaming_service_label=""Max"" streaming_service_badge=""App logos/AppLogo_HBOMax.png""","raw_title=""Livingston"" raw_query=""Life, Larry, and the Pursuit of Unhappiness: An Almost History of America"" layer_series_title=""Livingston""",
tmdb_quality,2026-08-18 01:11:17,SUCCESS,"Life, Larry and the Pursuit of Unhappiness_ An Almost History of America","Life, Larry and the Pursuit of Unhappiness: An Almost History of America","Life, Larry and the Pursuit of Unhappiness_ An Almost History of America","app_name=""HBO Max"" app_id=""com.wbd.stream"" streaming_service_label=""Max"" streaming_service_badge=""App logos/AppLogo_HBOMax.png""","raw_title=""Livingston"" raw_query=""Life, Larry, and the Pursuit of Unhappiness: An Almost History of America"" layer_series_title=""Livingston""",
tmdb_quality,2026-08-18 01:17:05,SUCCESS,"Life, Larry and the Pursuit of Unhappiness_ An Almost History of America","Life, Larry and the Pursuit of Unhappiness: An Almost History of America","Life, Larry and the Pursuit of Unhappiness_ An Almost History of America","app_name=""HBO Max"" app_id=""com.wbd.stream"" streaming_service_label=""Max"" streaming_service_badge=""App logos/AppLogo_HBOMax.png""","raw_title=""Livingston"" raw_query=""Life, Larry, and the Pursuit of Unhappiness: An Almost History of America"" layer_series_title=""Livingston""",
tmdb_quality,2026-08-18 01:30:49,SUCCESS,"Life, Larry and the Pursuit of Unhappiness_ An Almost History of America","Life, Larry and the Pursuit of Unhappiness: An Almost History of America","Life, Larry and the Pursuit of Unhappiness_ An Almost History of America","app_name=""HBO Max"" app_id=""com.wbd.stream"" streaming_service_label=""Max"" streaming_service_badge=""App logos/AppLogo_HBOMax.png""","raw_title=""Livingston"" raw_query=""Life, Larry, and the Pursuit of Unhappiness: An Almost History of America"" layer_series_title=""Livingston""",
tmdb_quality,2026-08-18 01:40:50,SUCCESS,"Life, Larry and the Pursuit of Unhappiness_ An Almost History of America","Life, Larry and the Pursuit of Unhappiness: An Almost History of America","Life, Larry and the Pursuit of Unhappiness_ An Almost History of America","app_name=""HBO Max"" app_id=""com.wbd.stream"" streaming_service_label=""Max"" streaming_service_badge=""App logos/AppLogo_HBOMax.png""","raw_title=""Livingston"" raw_query=""Life, Larry, and the Pursuit of Unhappiness: An Almost History of America"" layer_series_title=""Livingston""",
tmdb_quality,2026-08-18 01:59:19,SUCCESS,"Life, Larry and the Pursuit of Unhappiness_ An Almost History of America","Life, Larry and the Pursuit of Unhappiness: An Almost History of America","Life, Larry and the Pursuit of Unhappiness_ An Almost History of America","app_name=""HBO Max"" app_id=""com.wbd.stream"" streaming_service_label=""Max"" streaming_service_badge=""App logos/AppLogo_HBOMax.png""","raw_title=""Livingston"" raw_query=""Life, Larry, and the Pursuit of Unhappiness: An Almost History of America"" layer_series_title=""Livingston""",
tmdb_quality,2026-08-18 12:24:23,SUCCESS,"Life, Larry and the Pursuit of Unhappiness_ An Almost History of America","Life, Larry and the Pursuit of Unhappiness: An Almost History of America","Life, Larry and the Pursuit of Unhappiness_ An Almost History of America","app_name=""HBO Max"" app_id=""com.wbd.stream"" streaming_service_label=""Max"" streaming_service_badge=""App logos/AppLogo_HBOMax.png""","raw_title=""Livingston"" raw_query=""Life, Larry, and the Pursuit of Unhappiness: An Almost History of America"" layer_series_title=""Livingston""",
tmdb_quality,2026-08-18 12:42:24,SUCCESS,Strange World,Strange World,Strange World,"app_name=""Disney+"" app_id=""com.disney.disneyplus"" streaming_service_label=""Disney+"" streaming_service_badge=""App logos/AppLogo_DisneyPlus.png""","raw_title=""Strange World"" raw_query=""Strange World"" layer_series_title=""Strange World""",
tmdb_quality,2026-08-18 12:42:31,SUCCESS,Strange World,Strange World,Strange World,"app_name=""Disney+"" app_id=""com.disney.disneyplus"" streaming_service_label=""Disney+"" streaming_service_badge=""App logos/AppLogo_DisneyPlus.png""","raw_title=""Strange World"" raw_query=""Strange World"" layer_series_title=""Strange World""",
tmdb_quality,2026-08-19 00:42:51,SUCCESS,The Invite,The Invite,The Invite,"app_name=""TV"" app_id=""com.apple.TVWatchList"" streaming_service_label=""Apple TV"" streaming_service_badge=""App logos/AppLogo_AppleTV.png""","raw_title=""The Invite"" raw_query=""The Invite"" layer_series_title=""The Invite""",
tmdb_quality,2026-08-19 00:43:08,SUCCESS,The Invite,The Invite,The Invite,"app_name=""TV"" app_id=""com.apple.TVWatchList"" streaming_service_label=""Apple TV"" streaming_service_badge=""App logos/AppLogo_AppleTV.png""","raw_title=""The Invite"" raw_query=""The Invite"" layer_series_title=""The Invite""",
tmdb_quality,2026-08-19 09:06:34,SUCCESS,Bluey Minisodes,Bluey Minisodes,Bluey Minisodes,"app_name=""Disney+"" app_id=""com.disney.disneyplus"" streaming_service_label=""Disney+"" streaming_service_badge=""App logos/AppLogo_DisneyPlus.png""","raw_title=""Bluey Minisodes"" raw_query=""Bluey Minisodes"" layer_series_title=""Bluey Minisodes""",
tmdb_quality,2026-08-19 09:06:58,SUCCESS,Bluey Minisodes,Bluey Minisodes,Bluey Minisodes,"app_name=""Disney+"" app_id=""com.disney.disneyplus"" streaming_service_label=""Disney+"" streaming_service_badge=""App logos/AppLogo_DisneyPlus.png""","raw_title=""Bluey Minisodes"" raw_query=""Bluey Minisodes"" layer_series_title=""Bluey Minisodes""",
tmdb_quality,2026-08-19 09:09:39,SUCCESS,Bluey Minisodes,Bluey Minisodes,Bluey Minisodes,"app_name=""Disney+"" app_id=""com.disney.disneyplus"" streaming_service_label=""Disney+"" streaming_service_badge=""App logos/AppLogo_DisneyPlus.png""","raw_title=""Bluey Minisodes"" raw_query=""Bluey Minisodes"" layer_series_title=""Bluey Minisodes""",
tmdb_quality,2026-08-19 09:09:40,SUCCESS,Bluey Minisodes,Bluey Minisodes,Bluey Minisodes,"app_name=""Disney+"" app_id=""com.disney.disneyplus"" streaming_service_label=""Disney+"" streaming_service_badge=""App logos/AppLogo_DisneyPlus.png""","raw_title=""Bluey Minisodes"" raw_query=""Bluey Minisodes"" layer_series_title=""Bluey Minisodes""",
tmdb_quality,2026-08-19 09:11:01,SUCCESS,Bluey Minisodes,Bluey Minisodes,Bluey Minisodes,"app_name=""Disney+"" app_id=""com.disney.disneyplus"" streaming_service_label=""Disney+"" streaming_service_badge=""App logos/AppLogo_DisneyPlus.png""","raw_title=""Bluey Minisodes"" raw_query=""Bluey Minisodes"" layer_series_title=""Bluey Minisodes""",
tmdb_quality,2026-08-19 09:11:03,SUCCESS,Bluey Minisodes,Bluey Minisodes,Bluey Minisodes,"app_name=""Disney+"" app_id=""com.disney.disneyplus"" streaming_service_label=""Disney+"" streaming_service_badge=""App logos/AppLogo_DisneyPlus.png""","raw_title=""Bluey Minisodes"" raw_query=""Bluey Minisodes"" layer_series_title=""Bluey Minisodes""",
tmdb_quality,2026-08-19 09:11:25,SUCCESS,Bluey Minisodes,Bluey Minisodes,Bluey Minisodes,"app_name=""Disney+"" app_id=""com.disney.disneyplus"" streaming_service_label=""Disney+"" streaming_service_badge=""App logos/AppLogo_DisneyPlus.png""","raw_title=""Bluey Minisodes"" raw_query=""Bluey Minisodes"" layer_series_title=""Bluey Minisodes""",
tmdb_quality,2026-08-19 09:11:32,SUCCESS,Bluey Minisodes,Bluey Minisodes,Bluey Minisodes,"app_name=""Disney+"" app_id=""com.disney.disneyplus"" streaming_service_label=""Disney+"" streaming_service_badge=""App logos/AppLogo_DisneyPlus.png""","raw_title=""Bluey Minisodes"" raw_query=""Bluey Minisodes"" layer_series_title=""Bluey Minisodes""",
tmdb_quality,2026-08-19 15:38:08,SUCCESS,Bluey Tunes,Bluey Tunes,Bluey Tunes,"app_name=""Disney+"" app_id=""com.disney.disneyplus"" streaming_service_label=""Disney+"" streaming_service_badge=""App logos/AppLogo_DisneyPlus.png""","raw_title=""Bluey Tunes"" raw_query=""Bluey Tunes"" layer_series_title=""Bluey Tunes""",
tmdb_quality,2026-08-19 15:41:18,SUCCESS,Bluey Tunes,Bluey Tunes,Bluey Tunes,"app_name=""Disney+"" app_id=""com.disney.disneyplus"" streaming_service_label=""Disney+"" streaming_service_badge=""App logos/AppLogo_DisneyPlus.png""","raw_title=""Bluey Tunes"" raw_query=""Bluey Tunes"" layer_series_title=""Bluey Tunes""",
tmdb_quality,2026-08-19 15:42:21,SUCCESS,Bluey Tunes,Bluey Tunes,Bluey Tunes,"app_name=""Disney+"" app_id=""com.disney.disneyplus"" streaming_service_label=""Disney+"" streaming_service_badge=""App logos/AppLogo_DisneyPlus.png""","raw_title=""Bluey Tunes"" raw_query=""Bluey Tunes"" layer_series_title=""Bluey Tunes""",
tmdb_quality,2026-08-19 15:45:14,SUCCESS,Bluey Tunes,Bluey Tunes,Bluey Tunes,"app_name=""Disney+"" app_id=""com.disney.disneyplus"" streaming_service_label=""Disney+""","raw_title=""Bluey Tunes"" raw_query=""Bluey Tunes"" layer_series_title=""Bluey Tunes""",
tmdb_quality,2026-08-19 15:48:49,SUCCESS,Bluey Tunes,Bluey Tunes,Bluey Tunes,"app_name=""Disney+"" app_id=""com.disney.disneyplus"" streaming_service_label=""Disney+""","raw_title=""Bluey Tunes"" raw_query=""Bluey Tunes"" layer_series_title=""Bluey Tunes""",
tmdb_quality,2026-08-19 15:51:43,SUCCESS,Sofia the First,Sofia the First,Sofia the First,"app_name=""Disney+"" app_id=""com.disney.disneyplus"" streaming_service_label=""Disney+""","raw_title=""Sofia the First: Magical Friends"" raw_query=""Sofia the First"" layer_series_title=""Sofia the First: Magical Friends""",
tmdb_quality,2026-08-19 15:52:11,SUCCESS,Sofia the First,Sofia the First,Sofia the First,"app_name=""Disney+"" app_id=""com.disney.disneyplus"" streaming_service_label=""Disney+""","raw_title=""Sofia the First: Magical Friends"" raw_query=""Sofia the First"" layer_series_title=""Sofia the First: Magical Friends""",
tmdb_quality,2026-08-19 15:54:34,SUCCESS,Minnie's Bow-Toons,Minnie's Bow-Toons,Minnie's Bow-Toons,"app_name=""Disney+"" app_id=""com.disney.disneyplus"" streaming_service_label=""Disney+""","raw_title=""Minnie's Bow-Toons: Pet Hotel"" raw_query=""Minnie's Bow-Toons"" layer_series_title=""Minnie's Bow-Toons: Pet Hotel""",
tmdb_quality,2026-08-19 15:57:23,SUCCESS,Minnie's Bow-Toons,Minnie's Bow-Toons,Minnie's Bow-Toons,"app_name=""Disney+"" app_id=""com.disney.disneyplus"" streaming_service_label=""Disney+""","raw_title=""Minnie's Bow-Toons: Pet Hotel"" raw_query=""Minnie's Bow-Toons"" layer_series_title=""Minnie's Bow-Toons: Pet Hotel""",
tmdb_quality,2026-08-19 16:01:13,SUCCESS,Minnie's Bow-Toons,Minnie's Bow-Toons,Minnie's Bow-Toons,"app_name=""Disney+"" app_id=""com.disney.disneyplus"" streaming_service_label=""Disney+""","raw_title=""Minnie's Bow-Toons: Camp Minnie"" raw_query=""Minnie's Bow-Toons"" layer_series_title=""Minnie's Bow-Toons: Camp Minnie""",
tmdb_quality,2026-08-19 16:04:43,SUCCESS,Minnie's Bow-Toons,Minnie's Bow-Toons,Minnie's Bow-Toons,"app_name=""Disney+"" app_id=""com.disney.disneyplus"" streaming_service_label=""Disney+""","raw_title=""Minnie's Bow-Toons: Camp Minnie"" raw_query=""Minnie's Bow-Toons"" layer_series_title=""Minnie's Bow-Toons: Camp Minnie""",
tmdb_quality,2026-08-19 16:07:30,SUCCESS,Minnie's Bow-Toons,Minnie's Bow-Toons,Minnie's Bow-Toons,"app_name=""Disney+"" app_id=""com.disney.disneyplus"" streaming_service_label=""Disney+""","raw_title=""Minnie's Bow-Toons: Camp Minnie"" raw_query=""Minnie's Bow-Toons"" layer_series_title=""Minnie's Bow-Toons: Camp Minnie""",
tmdb_quality,2026-08-19 16:39:14,SUCCESS,Minnie's Bow-Toons,Minnie's Bow-Toons,Minnie's Bow-Toons,"app_name=""Disney+"" app_id=""com.disney.disneyplus"" streaming_service_label=""Disney+"" streaming_service_badge=""App logos/AppLogo_DisneyPlus.png""","raw_title=""Minnie's Bow-Toons: Camp Minnie"" raw_query=""Minnie's Bow-Toons"" layer_series_title=""Minnie's Bow-Toons: Camp Minnie""",
tmdb_quality,2026-08-19 16:42:34,SUCCESS,Bluey,Bluey,Bluey,"app_name=""YouTube"" app_id=""com.google.ios.youtube"" streaming_service_label=""YouTube"" streaming_service_badge=""App logos/AppLogo_YouTube.png""","raw_title=""Mower | BONUS BIT | Bluey"" raw_query=""Bluey - Official Channel"" layer_series_title=""Mower | BONUS BIT | Bluey""",
tmdb_quality,2026-08-19 16:45:45,SUCCESS,NPR Music Presents_ Tori Amos In Concert,NPR Music Presents: Tori Amos In Concert,NPR Music Presents_ Tori Amos In Concert,"app_name=""YouTube"" app_id=""com.google.ios.youtube"" streaming_service_label=""YouTube"" streaming_service_badge=""App logos/AppLogo_YouTube.png""","raw_title=""'Weird Al' Yankovic: NPR Music Tiny Desk Concert From The Archives"" raw_query=""NPR Music"" layer_series_title=""'Weird Al' Yankovic: NPR Music Tiny Desk Concert From The Archives""",
tmdb_quality,2026-08-19 17:02:56,SUCCESS,Prism,Prism,Prism,"app_name=""YouTube"" app_id=""com.google.ios.youtube"" streaming_service_label=""YouTube"" streaming_service_badge=""App logos/AppLogo_YouTube.png""","raw_title=""Greatest Minecraft Discoveries"" raw_query=""Prism"" layer_series_title=""Greatest Minecraft Discoveries""",
tmdb_quality,2026-08-20 11:50:49,SUCCESS,Minnie's Bow-Toons,Minnie's Bow-Toons,Minnie's Bow-Toons,"app_name=""Disney+"" app_id=""com.disney.disneyplus"" streaming_service_label=""Disney+"" streaming_service_badge=""App logos/AppLogo_DisneyPlus.png""","raw_title=""Minnie's Bow-Toons: Camp Minnie"" raw_query=""Minnie's Bow-Toons"" layer_series_title=""Minnie's Bow-Toons: Camp Minnie""",
tmdb_quality,2026-08-20 11:51:36,SUCCESS,Minnie's Bow-Toons,Minnie's Bow-Toons,Minnie's Bow-Toons,"app_name=""Disney+"" app_id=""com.disney.disneyplus"" streaming_service_label=""Disney+"" streaming_service_badge=""App logos/AppLogo_DisneyPlus.png""","raw_title=""Minnie's Bow-Toons: Camp Minnie"" raw_query=""Minnie's Bow-Toons"" layer_series_title=""Minnie's Bow-Toons: Camp Minnie""",
tmdb_quality,2026-08-20 11:54:43,SUCCESS,Minnie's Bow-Toons,Minnie's Bow-Toons,Minnie's Bow-Toons,"app_name=""Disney+"" app_id=""com.disney.disneyplus"" streaming_service_label=""Disney+"" streaming_service_badge=""App logos/AppLogo_DisneyPlus.png""","raw_title=""Minnie's Bow-Toons: Camp Minnie"" raw_query=""Minnie's Bow-Toons"" layer_series_title=""Minnie's Bow-Toons: Camp Minnie""",
tmdb_quality,2026-08-20 11:59:01,SUCCESS,Minnie's Bow-Toons,Minnie's Bow-Toons,Minnie's Bow-Toons,"app_name=""Disney+"" app_id=""com.disney.disneyplus"" streaming_service_label=""Disney+"" streaming_service_badge=""App logos/AppLogo_DisneyPlus.png""","raw_title=""Minnie's Bow-Toons"" raw_query=""Minnie's Bow-Toons"" layer_series_title=""Minnie's Bow-Toons""",
tmdb_quality,2026-08-20 12:02:36,SUCCESS,Minnie's Bow-Toons,Minnie's Bow-Toons,Minnie's Bow-Toons,"app_name=""Disney+"" app_id=""com.disney.disneyplus"" streaming_service_label=""Disney+"" streaming_service_badge=""App logos/AppLogo_DisneyPlus.png""","raw_title=""Minnie's Bow-Toons"" raw_query=""Minnie's Bow-Toons"" layer_series_title=""Minnie's Bow-Toons""",
tmdb_quality,2026-08-20 12:10:28,SUCCESS,Tangled Roots,Tangled: The Series - Short Cuts,Tangled Roots,"app_name=""Disney+"" app_id=""com.disney.disneyplus"" streaming_service_label=""Disney+"" streaming_service_badge=""App logos/AppLogo_DisneyPlus.png""","raw_title=""Tangled: The Series - Short Cuts"" raw_query=""Tangled: The Series"" layer_series_title=""Tangled: The Series - Short Cuts""",
tmdb_quality,2026-08-20 12:11:00,FAILURE,Tangled Roots,Tangled: The Series - Short Cuts,user_flagged,"app_name=""Disney+"" app_id=""com.disney.disneyplus"" streaming_service_label=""Disney+"" streaming_service_badge=""App logos/AppLogo_DisneyPlus.png""","raw_title=""Tangled: The Series - Short Cuts"" raw_query=""Tangled: The Series"" layer_series_title=""Tangled: The Series - Short Cuts""",
tmdb_retry,2026-08-20 12:11:09,,,,,,,"{""event"": ""tmdb_error_flag_retry"", ""rule_index"": 0, ""rule_id"": ""tv+raw_title"", ""prefer"": ""tv"", ""query_source"": ""raw_title"", ""query_sent"": ""Tangled: The Series"", ""primary_query"": ""Tangled: The Series"", ""raw_title_query"": ""Tangled: The Series"", ""alternate_available"": true, ""alternate_query"": ""S1:E2 Prison Bake"", ""t"": ""2026-08-20T16:11:06.548327+00:00""}"
tmdb_quality,2026-08-20 12:12:45,SUCCESS,Tangled Roots,Tangled: The Series - Short Cuts,Tangled Roots,"app_name=""Disney+"" app_id=""com.disney.disneyplus"" streaming_service_label=""Disney+"" streaming_service_badge=""App logos/AppLogo_DisneyPlus.png""","raw_title=""Tangled: The Series - Short Cuts"" raw_query=""Tangled: The Series"" layer_series_title=""Tangled: The Series - Short Cuts""",
tmdb_quality,2026-08-20 12:15:32,SUCCESS,Bluey Compilations,Bluey Compilations,Bluey Compilations,"app_name=""Disney+"" app_id=""com.disney.disneyplus"" streaming_service_label=""Disney+"" streaming_service_badge=""App logos/AppLogo_DisneyPlus.png""","raw_title=""Bluey Compilations"" raw_query=""Bluey Compilations"" layer_series_title=""Bluey Compilations""",
tmdb_quality,2026-08-20 13:30:07,SUCCESS,Mermaid Magic,Mermaid Magic,Mermaid Magic,"app_name=""Prime Video"" app_id=""com.amazon.aiv.AIVApp"" streaming_service_label=""Prime Video"" streaming_service_badge=""App logos/AppLogo_PrimeVideo.png""","raw_title=""Mermaid Magic"" raw_query=""Mermaid Magic"" layer_series_title=""Mermaid Magic""",
tmdb_quality,2026-08-23 20:29:02,SUCCESS,Bluey Minisodes,Bluey Minisodes,Bluey Minisodes,"app_name=""Disney+"" app_id=""com.disney.disneyplus"" streaming_service_label=""Disney+"" streaming_service_badge=""App logos/AppLogo_DisneyPlus.png""","raw_title=""Bluey Minisodes"" raw_query=""Bluey Minisodes"" layer_series_title=""Bluey Minisodes""",
tmdb_quality,2026-08-23 20:30:22,SUCCESS,Bluey Minisodes,Bluey Minisodes,Bluey Minisodes,"app_name=""Disney+"" app_id=""com.disney.disneyplus"" streaming_service_label=""Disney+"" streaming_service_badge=""App logos/AppLogo_DisneyPlus.png""","raw_title=""Bluey Minisodes"" raw_query=""Bluey Minisodes"" layer_series_title=""Bluey Minisodes""",
tmdb_quality,2026-08-23 23:03:17,SUCCESS,Bluey Minisodes,Bluey Minisodes,Bluey Minisodes,"app_name=""Disney+"" app_id=""com.disney.disneyplus"" streaming_service_label=""Disney+"" streaming_service_badge=""App logos/AppLogo_DisneyPlus.png""","raw_title=""Bluey Minisodes"" raw_query=""Bluey Minisodes"" layer_series_title=""Bluey Minisodes""",
tmdb_quality,2026-08-23 23:19:52,SUCCESS,Bluey Minisodes,Bluey Minisodes,Bluey Minisodes,"app_name=""Disney+"" app_id=""com.disney.disneyplus"" streaming_service_label=""Disney+"" streaming_service_badge=""App logos/AppLogo_DisneyPlus.png""","raw_title=""Bluey Minisodes"" raw_query=""Bluey Minisodes"" layer_series_title=""Bluey Minisodes""",
tmdb_quality,2026-08-23 23:35:17,SUCCESS,Bluey Minisodes,Bluey Minisodes,Bluey Minisodes,"app_name=""Disney+"" app_id=""com.disney.disneyplus"" streaming_service_label=""Disney+"" streaming_service_badge=""App logos/AppLogo_DisneyPlus.png""","raw_title=""Bluey Minisodes"" raw_query=""Bluey Minisodes"" layer_series_title=""Bluey Minisodes""",
tmdb_quality,2026-08-23 23:46:06,SUCCESS,Bluey Minisodes,Bluey Minisodes,Bluey Minisodes,"app_name=""Disney+"" app_id=""com.disney.disneyplus"" streaming_service_label=""Disney+"" streaming_service_badge=""App logos/AppLogo_DisneyPlus.png""","raw_title=""Bluey Minisodes"" raw_query=""Bluey Minisodes"" layer_series_title=""Bluey Minisodes""",
tmdb_quality,2026-08-24 00:08:01,SUCCESS,Bluey Minisodes,Bluey Minisodes,Bluey Minisodes,"app_name=""Disney+"" app_id=""com.disney.disneyplus"" streaming_service_label=""Disney+"" streaming_service_badge=""App logos/AppLogo_DisneyPlus.png""","raw_title=""Bluey Minisodes"" raw_query=""Bluey Minisodes"" layer_series_title=""Bluey Minisodes""",
tmdb_quality,2026-08-24 00:15:56,SUCCESS,Tropic Thunder,Tropic Thunder,Tropic Thunder,"app_name=""TV"" app_id=""com.apple.TVWatchList"" streaming_service_label=""Apple TV"" streaming_service_badge=""App logos/AppLogo_AppleTV.png""","raw_title=""Tropic Thunder"" raw_query=""Tropic Thunder"" layer_series_title=""Tropic Thunder""",
tmdb_quality,2026-08-24 00:18:10,SUCCESS,Tropic Thunder,Tropic Thunder,Tropic Thunder,"app_name=""TV"" app_id=""com.apple.TVWatchList"" streaming_service_label=""Apple TV"" streaming_service_badge=""App logos/AppLogo_AppleTV.png""","raw_title=""Tropic Thunder"" raw_query=""Tropic Thunder"" layer_series_title=""Tropic Thunder""",
tmdb_quality,2026-08-24 02:20:46,SUCCESS,Top Gun_ Maverick,Top Gun: Maverick,Top Gun_ Maverick,"app_name=""TV"" app_id=""com.apple.TVWatchList"" streaming_service_label=""Apple TV"" streaming_service_badge=""App logos/AppLogo_AppleTV.png""","raw_title=""Top Gun: Maverick"" raw_query=""Top Gun: Maverick"" layer_series_title=""Top Gun: Maverick""",
tmdb_quality,2026-08-24 02:30:32,SUCCESS,Top Gun_ Maverick,Top Gun: Maverick,Top Gun_ Maverick,"app_name=""TV"" app_id=""com.apple.TVWatchList"" streaming_service_label=""Apple TV"" streaming_service_badge=""App logos/AppLogo_AppleTV.png""","raw_title=""Top Gun: Maverick"" raw_query=""Top Gun: Maverick"" layer_series_title=""Top Gun: Maverick""",
tmdb_quality,2026-08-24 02:32:12,SUCCESS,Top Gun_ Maverick,Top Gun: Maverick,Top Gun_ Maverick,"streaming_service_label=""Apple TV"" streaming_service_badge=""App logos/AppLogo_AppleTV.png""",(no last_metadata dict),
tmdb_quality,2026-08-24 02:35:35,SUCCESS,Top Gun_ Maverick,Top Gun: Maverick,Top Gun_ Maverick,"app_name=""TV"" app_id=""com.apple.TVWatchList"" streaming_service_label=""Apple TV"" streaming_service_badge=""App logos/AppLogo_AppleTV.png""","raw_title=""Top Gun: Maverick"" raw_query=""Top Gun: Maverick"" layer_series_title=""Top Gun: Maverick""",
tmdb_quality,2026-08-24 02:38:37,SUCCESS,Top Gun_ Maverick,Top Gun: Maverick,Top Gun_ Maverick,"app_name=""TV"" app_id=""com.apple.TVWatchList"" streaming_service_label=""Apple TV"" streaming_service_badge=""App logos/AppLogo_AppleTV.png""","raw_title=""Top Gun: Maverick"" raw_query=""Top Gun: Maverick"" layer_series_title=""Top Gun: Maverick""",
tmdb_quality,2026-08-24 02:42:37,SUCCESS,Top Gun_ Maverick,Top Gun: Maverick,Top Gun_ Maverick,"app_name=""TV"" app_id=""com.apple.TVWatchList"" streaming_service_label=""Apple TV"" streaming_service_badge=""App logos/AppLogo_AppleTV.png""","raw_title=""Top Gun: Maverick"" raw_query=""Top Gun: Maverick"" layer_series_title=""Top Gun: Maverick""",
tmdb_quality,2026-08-24 02:59:33,SUCCESS,This Is Spinal Tap,This Is Spinal Tap,This Is Spinal Tap,"app_name=""TV"" app_id=""com.apple.TVWatchList"" streaming_service_label=""Apple TV"" streaming_service_badge=""App logos/AppLogo_AppleTV.png""","raw_title=""This Is Spinal Tap"" raw_query=""This Is Spinal Tap"" layer_series_title=""This Is Spinal Tap""",
tmdb_quality,2026-08-24 03:01:30,SUCCESS,This Is Spinal Tap,This Is Spinal Tap,This Is Spinal Tap,"app_name=""TV"" app_id=""com.apple.TVWatchList"" streaming_service_label=""Apple TV"" streaming_service_badge=""App logos/AppLogo_AppleTV.png""","raw_title=""This Is Spinal Tap"" raw_query=""This Is Spinal Tap"" layer_series_title=""This Is Spinal Tap""",
tmdb_quality,2026-08-24 03:02:52,SUCCESS,This Is Spinal Tap,This Is Spinal Tap,This Is Spinal Tap,"app_name=""TV"" app_id=""com.apple.TVWatchList"" streaming_service_label=""Apple TV"" streaming_service_badge=""App logos/AppLogo_AppleTV.png""","raw_title=""This Is Spinal Tap"" raw_query=""This Is Spinal Tap"" layer_series_title=""This Is Spinal Tap""",
tmdb_quality,2026-08-24 03:10:38,SUCCESS,This Is Spinal Tap,This Is Spinal Tap,This Is Spinal Tap,"app_name=""TV"" app_id=""com.apple.TVWatchList"" streaming_service_label=""Apple TV"" streaming_service_badge=""App logos/AppLogo_AppleTV.png""","raw_title=""This Is Spinal Tap"" raw_query=""This Is Spinal Tap"" layer_series_title=""This Is Spinal Tap""",
tmdb_quality,2026-08-24 16:46:13,SUCCESS,Coco,Coco,Coco,"app_name=""Disney+"" app_id=""com.disney.disneyplus"" streaming_service_label=""Disney+"" streaming_service_badge=""App logos/AppLogo_DisneyPlus.png""","raw_title=""Coco"" raw_query=""Coco"" layer_series_title=""Coco""",
tmdb_quality,2026-08-28 23:51:47,SUCCESS,The Drama,The Drama,The Drama,"app_name=""HBO Max"" app_id=""com.wbd.stream"" streaming_service_label=""Max"" streaming_service_badge=""App logos/AppLogo_HBOMax.png""","raw_query=""The Drama""",
tmdb_quality,2026-08-29 01:56:43,SUCCESS,Abbott Elementary,Abbott Elementary,Abbott Elementary,"app_name=""HBO Max"" app_id=""com.wbd.stream"" streaming_service_label=""Max"" streaming_service_badge=""App logos/AppLogo_HBOMax.png""","raw_title=""Ringworm"" raw_query=""Abbott Elementary"" layer_series_title=""Ringworm""",
tmdb_quality,2026-08-29 12:35:57,SUCCESS,Zootopia,Zootopia,Zootopia,"app_name=""Disney+"" app_id=""com.disney.disneyplus"" streaming_service_label=""Disney+"" streaming_service_badge=""App logos/AppLogo_DisneyPlus.png""","raw_title=""Zootopia"" raw_query=""Zootopia"" layer_series_title=""Zootopia""",
tmdb_quality,2026-08-29 20:04:54,SUCCESS,Austin Powers in Goldmember,Austin Powers in Goldmember,Austin Powers in Goldmember,"app_name=""TV"" app_id=""com.apple.TVWatchList"" streaming_service_label=""Apple TV"" streaming_service_badge=""App logos/AppLogo_AppleTV.png""","raw_title=""Austin Powers: International Man of Mystery"" raw_query=""Austin Powers"" layer_series_title=""Austin Powers: International Man of Mystery""",
tmdb_quality,2026-08-29 20:22:20,SUCCESS,Diary of a Wimpy Kid,Diary of a Wimpy Kid,Diary of a Wimpy Kid,"app_name=""TV"" app_id=""com.apple.TVWatchList"" streaming_service_label=""Apple TV"" streaming_service_badge=""App logos/AppLogo_AppleTV.png""","raw_title=""Diary of a Wimpy Kid: Rodrick Rules"" raw_query=""Diary of a Wimpy Kid"" layer_series_title=""Diary of a Wimpy Kid: Rodrick Rules""",
tmdb_quality,2026-09-07 23:09:54,SUCCESS,Cats,Cats (2019),Cats,"app_name=""TV"" app_id=""com.apple.TVWatchList"" streaming_service_label=""Apple TV"" streaming_service_badge=""App logos/AppLogo_AppleTV.png""","raw_title=""Cats (2019)"" raw_query=""Cats (2019)"" layer_series_title=""Cats (2019)""",
tmdb_quality,2026-09-07 23:10:10,SUCCESS,Fall,Fall,Fall,"app_name=""TV"" app_id=""com.apple.TVWatchList"" streaming_service_label=""Apple TV"" streaming_service_badge=""App logos/AppLogo_AppleTV.png""","raw_title=""Fall"" raw_query=""Fall"" layer_series_title=""Fall""",
tmdb_quality,2026-09-07 23:10:33,SUCCESS,"Good Luck, Have Fun, Don't Die","Good Luck, Have Fun, Don't Die","Good Luck, Have Fun, Don't Die","app_name=""TV"" app_id=""com.apple.TVWatchList"" streaming_service_label=""Apple TV"" streaming_service_badge=""App logos/AppLogo_AppleTV.png""","raw_title=""Good Luck, Have Fun, Don't Die"" raw_query=""Good Luck, Have Fun, Don't Die"" layer_series_title=""Good Luck, Have Fun, Don't Die""",
tmdb_quality,2026-09-07 23:11:56,SUCCESS,Mamma Mia!,Mamma Mia! The Movie,Mamma Mia!,"app_name=""TV"" app_id=""com.apple.TVWatchList"" streaming_service_label=""Apple TV"" streaming_service_badge=""App logos/AppLogo_AppleTV.png""","raw_title=""Mamma Mia! The Movie"" raw_query=""Mamma Mia! The Movie"" layer_series_title=""Mamma Mia! The Movie""",
tmdb_quality,2026-09-07 23:12:18,SUCCESS,The Lord of the Rings,The Lord of the Rings,The Lord of the Rings,"app_name=""TV"" app_id=""com.apple.TVWatchList"" streaming_service_label=""Apple TV"" streaming_service_badge=""App logos/AppLogo_AppleTV.png""","raw_title=""The Lord of the Rings: The Two Towers (Extended Edition)"" raw_query=""The Lord of the Rings"" layer_series_title=""The Lord of the Rings: The Two Towers (Extended Edition)""",
tmdb_quality,2026-09-07 23:12:48,SUCCESS,Now You See Me 2,Now You See Me 2,Now You See Me 2,"app_name=""TV"" app_id=""com.apple.TVWatchList"" streaming_service_label=""Apple TV"" streaming_service_badge=""App logos/AppLogo_AppleTV.png""","raw_title=""Now You See Me 2"" raw_query=""Now You See Me 2"" layer_series_title=""Now You See Me 2""",
tmdb_quality,2026-09-07 23:13:06,SUCCESS,Ready Player One,Ready Player One,Ready Player One,"app_name=""TV"" app_id=""com.apple.TVWatchList"" streaming_service_label=""Apple TV"" streaming_service_badge=""App logos/AppLogo_AppleTV.png""","raw_title=""Ready Player One"" raw_query=""Ready Player One"" layer_series_title=""Ready Player One""",
tmdb_quality,2026-09-07 23:13:43,SUCCESS,Sinners,Sinners,Sinners,"app_name=""TV"" app_id=""com.apple.TVWatchList"" streaming_service_label=""Apple TV"" streaming_service_badge=""App logos/AppLogo_AppleTV.png""","raw_title=""Sinners"" raw_query=""Sinners"" layer_series_title=""Sinners""",
tmdb_quality,2026-09-07 23:18:19,SUCCESS,Obsession,Obsession,Obsession,"app_name=""Peacock"" app_id=""com.peacocktv.peacock"" streaming_service_label=""Peacock"" streaming_service_badge=""App logos/AppLogo_Peacock.png""","raw_title=""Obsession"" raw_query=""Obsession"" layer_series_title=""Obsession""",
tmdb_quality,2026-09-08 09:48:36,SUCCESS,Taylor Swift _ The Eras Tour _ The Final Show,Taylor Swift | The Eras Tour | The Final Show,Taylor Swift _ The Eras Tour _ The Final Show,"app_name=""Disney+"" app_id=""com.disney.disneyplus"" streaming_service_label=""Disney+"" streaming_service_badge=""App logos/AppLogo_DisneyPlus.png""","raw_title=""Taylor Swift | The Eras Tour | The Final Show"" raw_query=""Taylor Swift | The Eras Tour | The Final Show"" layer_series_title=""Taylor Swift | The Eras Tour | The Final Show""",
tmdb_quality,2026-09-10 01:36:35,SUCCESS,It,It,It,"app_name=""HBO Max"" app_id=""com.wbd.stream"" streaming_service_label=""Max"" streaming_service_badge=""App logos/AppLogo_HBOMax.png""","raw_title=""The Great Swirling Apparatus of Our Planet's Function"" raw_query=""IT: Welcome to Derry"" layer_series_title=""The Great Swirling Apparatus of Our Planet's Function""",
tmdb_quality,2026-09-21 21:36:20,SUCCESS,Taylor Swift _ The Eras Tour _ The Final Show,Taylor Swift | The Eras Tour | The Final Show,Taylor Swift _ The Eras Tour _ The Final Show,"app_name=""Disney+"" app_id=""com.disney.disneyplus"" streaming_service_label=""Disney+"" streaming_service_badge=""App logos/AppLogo_DisneyPlus.png""","raw_title=""Taylor Swift | The Eras Tour | The Final Show"" raw_query=""Taylor Swift | The Eras Tour | The Final Show"" layer_series_title=""Taylor Swift | The Eras Tour | The Final Show""",
